episode,result,hazard,start_dist_m,steps,end_ax,end_ay,end_herr_deg,reverse_steps,hit,end_speed,brake_steps
0,timeout,behind3,46.2,600,-1.34,-0.64,-3.4,119,,0.01,7
1,parked,ahead,24.9,195,-0.33,-0.16,1.1,0,,0.0,1
2,parked,,24.1,192,-0.28,-0.17,1.1,0,,0.0,1
3,parked,behind1,32.8,416,-0.31,0.06,-2.0,141,,0.0,1
4,timeout,behind2,28.7,600,-1.04,-0.54,0.6,89,,0.04,4
5,parked,behind1,25.3,384,-0.31,0.07,-2.0,141,,0.0,1
6,parked,,20.9,221,-0.32,-0.24,0.6,18,,0.0,2
7,parked,behind1,33.2,419,-0.32,0.07,-2.0,143,,0.0,1
8,parked,behind1,34.7,422,-0.34,0.07,-2.0,141,,0.0,1
9,parked,behind3,41.7,262,-0.32,-0.18,1.2,0,,0.0,1
10,parked,ahead,21.2,180,-0.31,-0.21,1.3,0,,0.0,1
11,timeout,behind3,32.8,600,-0.32,-0.29,6.4,130,,0.01,9
12,parked,ahead,24.6,234,-0.29,-0.25,-0.1,17,,0.0,2
13,parked,behind1,20.3,376,-0.31,0.07,-1.8,145,,0.0,1
14,parked,behind1,20.5,366,-0.32,0.07,-1.8,141,,0.0,1
15,parked,behind1,18.2,367,-0.27,0.06,-2.1,145,,0.0,1
16,timeout,behind3,38.8,600,-0.86,-0.41,4.3,146,,0.62,8
17,parked,ahead,20.0,176,-0.31,-0.21,1.3,0,,0.0,1
18,parked,,18.3,168,-0.31,-0.12,0.9,0,,0.0,1
19,parked,,24.6,193,-0.3,-0.19,1.2,0,,0.0,1
20,parked,ahead,20.7,179,-0.32,-0.13,0.9,0,,0.0,1
21,parked,behind1,31.1,419,-0.28,0.06,-2.0,146,,0.0,1
22,parked,behind3,40.5,259,-0.29,-0.18,1.2,0,,0.0,1
23,parked,,34.6,234,-0.32,-0.17,1.2,0,,0.0,1
24,collision,ahead,28.9,133,-5.56,-0.51,24.3,0,static.static,0.98,0
25,parked,ahead,27.0,202,-0.33,-0.13,1.0,0,,0.0,1
26,parked,behind2,29.2,424,-0.3,-0.24,0.2,88,,0.0,6
27,parked,ahead,26.1,199,-0.34,-0.13,1.0,0,,0.0,1
28,parked,behind1,17.7,367,-0.33,0.08,-1.7,145,,0.0,1
29,parked,behind3,43.0,268,-0.31,-0.18,1.2,0,,0.0,1
30,parked,behind2,34.2,450,-0.28,-0.24,0.6,91,,0.0,6
31,parked,behind3,42.3,266,-0.27,-0.19,1.2,0,,0.0,1
32,parked,behind3,33.2,229,-0.29,-0.17,1.1,0,,0.0,1
33,parked,behind3,34.2,233,-0.27,-0.18,1.2,0,,0.0,1
34,parked,behind1,26.0,391,-0.29,0.07,-1.7,142,,0.0,1
35,parked,behind2,27.6,464,-0.31,-0.24,0.4,108,,0.0,7
36,parked,behind2,36.4,499,-0.26,-0.24,0.7,106,,0.0,7
37,parked,behind2,28.3,467,-0.31,-0.24,0.2,106,,0.0,7
38,parked,behind2,26.9,459,-0.33,-0.24,0.3,108,,0.0,7
39,collision,,17.8,288,-4.44,-0.19,23.0,0,static.sidewalk,0.04,0
40,parked,behind1,31.1,409,-0.32,0.07,-1.8,142,,0.0,1
41,parked,,35.1,236,-0.33,-0.2,1.3,0,,0.0,1
42,parked,ahead,25.3,197,-0.27,-0.17,1.1,0,,0.0,1
43,parked,,25.5,198,-0.32,-0.2,1.4,0,,0.01,1
44,parked,,18.7,170,-0.33,-0.13,0.9,0,,0.0,1
45,parked,,31.9,224,-0.34,-0.17,1.2,0,,0.0,1
46,parked,behind1,17.0,361,-0.3,0.07,-1.8,145,,0.0,1
47,parked,ahead,33.4,229,-0.33,-0.18,1.2,0,,0.0,1
48,parked,behind3,47.2,286,-0.31,-0.18,1.2,0,,0.0,1
49,parked,behind3,40.3,258,-0.29,-0.18,1.2,0,,0.0,1
50,parked,behind3,36.7,244,-0.29,-0.18,1.2,0,,0.0,1
51,parked,behind3,39.1,253,-0.34,-0.19,1.2,0,,0.0,1
52,parked,behind3,48.5,292,-0.32,-0.19,1.2,0,,0.0,1
53,parked,behind2,27.5,463,-0.29,-0.25,0.1,107,,0.0,7
54,parked,behind1,20.0,375,-0.3,0.07,-1.9,146,,0.0,1
55,parked,ahead,19.2,174,-0.29,-0.11,0.8,0,,0.0,1
56,parked,behind2,25.3,458,-0.28,-0.25,0.5,110,,0.0,7
57,parked,,46.7,283,-0.34,-0.18,1.2,0,,0.0,1
58,parked,,33.3,229,-0.3,-0.16,1.1,0,,0.0,1
59,parked,,33.3,230,-0.28,-0.17,1.1,0,,0.0,1
60,collision,behind1,22.5,368,-1.28,0.03,-5.1,147,vehicle.nissan.patrol_2021,0.0,0
61,parked,,19.0,171,-0.28,-0.19,1.2,0,,0.0,1
62,parked,behind2,38.8,510,-0.33,-0.24,0.1,108,,0.0,7
63,parked,,45.4,276,-0.3,-0.21,1.3,0,,0.0,1
64,parked,behind3,41.8,264,-0.28,-0.19,1.2,0,,0.0,1
65,parked,,16.7,161,-0.32,-0.12,0.9,0,,0.0,1
66,parked,behind1,19.9,383,-0.82,0.1,-0.7,153,,0.29,1
67,parked,ahead,17.6,205,-0.34,-0.24,0.2,16,,0.0,2
68,parked,behind3,36.2,241,-0.3,-0.17,1.1,0,,0.0,1
69,timeout,behind1,19.9,518,-0.26,-0.4,11.3,186,,0.58,3
70,parked,ahead,31.9,222,-0.33,-0.16,1.1,0,,0.0,1
71,parked,,20.0,176,-0.3,-0.11,0.8,0,,0.0,1
72,parked,,31.6,222,-0.34,-0.16,1.1,0,,0.0,1
73,timeout,,23.4,589,-0.84,-0.37,2.1,102,,0.35,5
74,parked,behind2,42.0,475,-0.3,-0.24,0.2,88,,0.0,6
75,timeout,behind3,37.2,600,-0.47,-0.36,5.2,148,,0.56,9
76,parked,,31.5,221,-0.29,-0.19,1.2,0,,0.0,1
77,timeout,behind2,30.1,600,-0.63,-0.51,1.6,72,,0.07,3
78,parked,behind2,33.1,483,-0.31,-0.24,0.4,104,,0.0,7
79,parked,,17.8,165,-0.33,-0.18,1.2,0,,0.0,1
80,parked,behind1,33.0,415,-0.3,0.06,-1.9,141,,0.0,1
81,parked,behind3,37.0,245,-0.33,-0.18,1.2,0,,0.0,1
82,parked,,30.3,216,-0.31,-0.16,1.1,0,,0.0,1
83,parked,behind1,24.3,381,-0.34,0.06,-2.0,142,,0.0,1
84,parked,behind3,48.0,289,-0.29,-0.19,1.2,0,,0.0,1
85,parked,behind3,31.2,220,-0.32,-0.21,1.3,0,,0.0,1
86,parked,,28.7,210,-0.31,-0.21,1.3,0,,0.0,1
87,parked,behind1,23.5,380,-0.29,0.07,-1.8,142,,0.0,1
88,parked,,31.0,220,-0.32,-0.17,1.2,0,,0.0,1
89,parked,behind2,37.8,508,-0.3,-0.24,0.2,107,,0.0,7
90,parked,behind3,32.9,227,-0.31,-0.17,1.2,0,,0.0,1
91,parked,behind3,47.5,285,-0.31,-0.19,1.2,0,,0.0,1
92,parked,ahead,26.9,204,-0.31,-0.13,0.9,0,,0.0,1
93,parked,,25.7,198,-0.3,-0.17,1.1,0,,0.0,1
94,timeout,behind1,32.2,600,0.61,-3.09,-0.1,0,,0.0,416
95,parked,,31.1,219,-0.31,-0.19,1.2,0,,0.0,1
96,parked,behind2,33.1,488,-0.32,-0.25,0.2,108,,0.0,7
97,parked,,24.8,194,-0.3,-0.15,1.1,0,,0.0,1
98,parked,behind2,26.4,504,-0.28,-0.24,0.2,127,,0.0,8
99,parked,ahead,19.0,171,-0.33,-0.11,0.8,0,,0.0,1
100,parked,behind2,33.5,444,-0.29,-0.24,0.2,91,,0.0,6
101,parked,behind1,24.0,392,-0.31,0.07,-1.8,145,,0.0,1
102,parked,behind3,36.6,242,-0.32,-0.17,1.1,0,,0.0,1
103,timeout,behind1,18.0,480,-0.79,-0.83,0.7,182,,0.62,3
104,parked,behind1,27.0,393,-0.33,0.07,-1.9,142,,0.0,1
105,parked,behind3,35.2,236,-0.34,-0.18,1.2,0,,0.0,1
106,parked,,29.1,254,-0.31,-0.25,-0.1,18,,0.0,2
107,parked,,34.3,234,-0.29,-0.19,1.2,0,,0.0,1
108,timeout,,24.9,600,-0.86,-0.39,1.7,122,,0.31,7
109,parked,behind3,36.1,241,-0.3,-0.18,1.2,0,,0.0,1
110,parked,,30.3,218,-0.32,-0.18,1.2,0,,0.0,1
111,parked,behind3,32.4,225,-0.33,-0.17,1.2,0,,0.0,1
112,parked,behind2,27.6,418,-0.31,-0.25,0.1,88,,0.0,6
113,collision,,19.7,102,-4.71,-0.03,20.2,0,static.static,1.43,0
114,collision,behind1,22.5,364,-1.39,0.02,-5.9,150,vehicle.chevrolet.impala,0.02,0
115,parked,,26.4,202,-0.28,-0.2,1.3,0,,0.0,1
116,parked,behind2,34.6,450,-0.29,-0.25,0.0,89,,0.0,6
117,collision,,27.1,123,-5.93,-0.56,24.7,0,static.static,1.23,0
118,collision,behind1,32.2,392,-1.28,0.02,-5.1,141,vehicle.nissan.patrol_2021,0.03,0
119,parked,behind1,29.3,404,-0.32,0.07,-1.8,143,,0.0,1
120,parked,behind1,30.4,414,-0.29,0.06,-2.1,143,,0.0,1
121,parked,,18.9,171,-0.31,-0.14,1.0,0,,0.0,1
122,parked,behind1,15.6,357,-0.28,0.08,-1.6,143,,0.0,1
123,parked,,34.0,231,-0.33,-0.2,1.3,0,,0.0,1
124,timeout,behind3,35.2,600,-0.8,-0.52,0.8,93,,0.07,5
125,parked,,17.0,162,-0.33,-0.14,1.0,0,,0.0,1
126,timeout,,21.2,545,-3.85,-0.2,17.5,0,,0.12,0
127,parked,ahead,17.8,167,-0.3,-0.2,1.3,0,,0.0,1
128,parked,,18.8,256,-0.32,-0.24,0.1,35,,0.0,3
129,parked,ahead,27.4,205,-0.31,-0.16,1.1,0,,0.0,1
130,parked,behind3,32.2,224,-0.26,-0.17,1.1,0,,0.0,1
131,timeout,,18.0,480,-0.83,-0.48,2.1,68,,0.67,3
132,parked,behind2,33.4,445,-0.33,-0.25,0.4,89,,0.0,6
133,parked,,18.9,171,-0.29,-0.18,1.2,0,,0.0,1
134,parked,behind1,18.3,355,-0.33,0.06,-2.1,141,,0.0,1
135,parked,,32.6,218,-0.79,-0.17,1.5,0,,0.27,0
136,parked,behind2,40.5,523,-0.32,-0.24,0.1,109,,0.0,7
137,parked,,29.3,212,-0.34,-0.19,1.2,0,,0.0,1
138,parked,behind3,38.0,249,-0.29,-0.2,1.3,0,,0.0,1
139,parked,,19.4,173,-0.28,-0.15,1.0,0,,0.0,1
140,collision,behind1,27.6,387,-1.37,0.0,-6.1,149,vehicle.dodge.charger_police_2020,0.02,0
141,parked,,27.2,205,-0.27,-0.13,0.9,0,,0.0,1
142,parked,behind1,25.7,397,-0.3,0.06,-2.0,145,,0.0,1
143,parked,behind1,25.2,385,-0.31,0.07,-1.8,142,,0.0,1
144,parked,behind2,25.5,371,-0.28,-0.25,0.2,71,,0.0,5
145,parked,behind2,26.9,415,-0.34,-0.25,-0.1,88,,0.0,6
146,parked,,24.2,192,-0.33,-0.17,1.1,0,,0.0,1
147,parked,,29.0,212,-0.29,-0.19,1.2,0,,0.0,1
148,parked,behind3,36.9,244,-0.33,-0.2,1.3,0,,0.0,1
149,parked,ahead,29.2,213,-0.31,-0.13,1.0,0,,0.0,1
150,parked,behind3,47.4,285,-0.34,-0.19,1.3,0,,0.0,1
151,parked,behind2,24.5,452,-0.32,-0.25,0.2,106,,0.0,7
152,parked,behind2,40.2,474,-0.29,-0.25,-0.1,90,,0.0,6
153,parked,,31.1,220,-0.33,-0.17,1.2,0,,0.0,1
154,parked,behind2,27.0,420,-0.31,-0.24,0.5,91,,0.0,6
155,parked,behind1,27.1,391,-0.29,0.07,-1.9,142,,0.0,1
156,parked,,33.5,229,-0.29,-0.18,1.2,0,,0.0,1
157,timeout,,18.7,495,-0.33,-0.3,4.0,119,,0.21,8
158,parked,behind3,40.7,259,-0.29,-0.2,1.3,0,,0.0,1
159,parked,behind1,17.5,360,-0.34,0.06,-2.0,145,,0.0,1
160,parked,,22.3,185,-0.31,-0.13,0.9,0,,0.0,1
161,parked,behind2,39.7,428,-0.34,-0.25,0.5,74,,0.15,5
162,parked,behind2,40.2,470,-0.31,-0.24,0.1,90,,0.0,6
163,parked,,32.5,226,-0.28,-0.17,1.1,0,,0.0,1
164,parked,,25.1,196,-0.31,-0.21,1.3,0,,0.0,1
165,timeout,behind3,33.0,600,-1.22,-0.63,-2.8,162,,0.15,9
166,parked,,29.4,214,-0.31,-0.16,1.1,0,,0.0,1
167,parked,behind1,29.3,403,-0.32,0.07,-2.0,144,,0.0,1
168,parked,,26.6,202,-0.31,-0.13,0.9,0,,0.0,1
169,parked,behind3,34.2,233,-0.29,-0.2,1.3,0,,0.0,1
170,parked,behind2,36.9,419,-0.33,-0.26,0.2,76,,0.28,5
171,parked,,27.9,207,-0.33,-0.2,1.3,0,,0.0,1
172,collision,,22.6,104,-5.97,-0.56,24.6,0,static.static,1.18,0
173,parked,behind3,42.7,268,-0.29,-0.18,1.2,0,,0.0,1
174,parked,behind2,37.9,461,-0.32,-0.26,0.3,89,,0.0,6
175,parked,ahead,20.2,176,-0.31,-0.14,1.0,0,,0.0,1
176,parked,behind3,29.6,215,-0.3,-0.17,1.2,0,,0.0,1
177,parked,behind1,17.7,355,-0.32,0.07,-1.8,141,,0.0,1
178,parked,behind1,17.4,355,-0.3,0.07,-2.0,142,,0.0,1
179,parked,,31.7,262,-0.29,-0.24,0.3,17,,0.0,2
180,parked,,27.1,204,-0.33,-0.18,1.2,0,,0.0,1
181,parked,behind2,31.5,479,-0.31,-0.25,0.1,108,,0.0,7
182,parked,behind3,48.8,291,-0.31,-0.19,1.2,0,,0.0,1
183,parked,behind3,31.7,221,-0.29,-0.16,1.1,0,,0.0,1
184,parked,,30.6,217,-0.32,-0.18,1.2,0,,0.0,1
185,parked,,18.0,166,-0.33,-0.14,1.0,0,,0.0,1
186,parked,,17.0,162,-0.32,-0.12,0.9,0,,0.0,1
187,parked,,34.4,235,-0.27,-0.19,1.2,0,,0.0,1
188,parked,,31.8,223,-0.32,-0.18,1.2,0,,0.0,1
189,parked,,25.8,199,-0.29,-0.18,1.2,0,,0.0,1
190,timeout,behind2,31.9,600,-1.21,-0.63,-3.1,164,,0.2,9
191,collision,behind1,29.4,380,-1.22,0.03,-4.7,141,vehicle.ford.crown,0.05,0
192,parked,behind2,32.4,485,-0.32,-0.24,-0.0,108,,0.0,7
193,parked,,19.0,171,-0.3,-0.15,1.1,0,,0.0,1
194,parked,behind2,38.9,506,-0.34,-0.24,0.5,106,,0.0,7
195,parked,,17.3,165,-0.26,-0.12,0.8,0,,0.0,1
196,parked,behind3,41.1,260,-0.32,-0.19,1.2,0,,0.0,1
197,parked,,27.1,206,-0.27,-0.17,1.1,0,,0.0,1
198,parked,behind1,32.7,423,-0.33,0.07,-2.0,144,,0.0,1
199,parked,behind2,26.7,462,-0.3,-0.25,-0.1,108,,0.0,7
200,parked,behind1,31.1,410,-0.31,0.08,-1.8,142,,0.0,1
201,parked,behind3,30.5,218,-0.33,-0.18,1.2,0,,0.0,1
202,parked,,21.5,350,-0.29,-0.23,0.1,71,,0.0,5
203,parked,behind2,29.8,513,-0.29,-0.25,0.1,123,,0.0,8
204,parked,behind2,26.1,456,-0.34,-0.25,0.5,107,,0.0,7
205,parked,behind2,40.3,474,-0.32,-0.25,0.2,90,,0.0,6
206,parked,behind1,33.6,418,-0.31,0.07,-1.9,143,,0.0,1
207,parked,behind2,39.1,506,-0.3,-0.25,-0.0,106,,0.0,7
208,parked,behind1,23.2,375,-0.32,0.06,-2.1,141,,0.0,1
209,parked,,23.8,191,-0.34,-0.12,0.9,0,,0.0,1
210,parked,behind1,31.5,413,-0.3,0.08,-1.7,142,,0.0,1
211,parked,behind2,39.5,514,-0.29,-0.24,0.1,108,,0.0,7
212,parked,ahead,26.0,200,-0.28,-0.13,0.9,0,,0.0,1
213,parked,behind2,35.8,453,-0.31,-0.24,0.1,88,,0.0,6
214,parked,behind3,39.0,252,-0.32,-0.18,1.2,0,,0.0,1
215,parked,,23.1,186,-0.31,-0.18,1.2,0,,0.0,1
216,parked,,35.3,237,-0.3,-0.17,1.2,0,,0.0,1
217,parked,behind3,35.0,236,-0.27,-0.2,1.3,0,,0.0,1
218,parked,behind3,34.1,232,-0.32,-0.18,1.2,0,,0.0,1
219,parked,behind1,35.9,425,-0.34,0.06,-2.1,141,,0.0,1
220,parked,behind3,38.6,250,-0.28,-0.17,1.1,0,,0.0,1
221,parked,behind2,30.1,436,-0.33,-0.25,0.5,91,,0.0,6
222,parked,,22.8,179,-0.8,-0.13,1.3,0,,0.22,0
223,parked,behind2,34.9,495,-0.27,-0.24,0.3,107,,0.0,7
224,parked,behind3,32.8,226,-0.28,-0.17,1.1,0,,0.0,1
225,parked,behind2,30.6,474,-0.31,-0.24,0.2,107,,0.0,7
226,parked,behind3,49.0,293,-0.29,-0.18,1.2,0,,0.0,1
227,parked,behind1,32.8,416,-0.31,0.06,-2.0,143,,0.0,1
228,parked,,21.8,183,-0.3,-0.12,0.9,0,,0.0,1
229,parked,behind3,37.0,243,-0.34,-0.18,1.2,0,,0.0,1
230,parked,behind1,27.2,395,-0.34,0.08,-1.8,143,,0.0,1
231,parked,behind1,21.6,381,-0.29,0.07,-1.9,145,,0.0,1
232,parked,behind2,25.9,414,-0.3,-0.25,-0.0,89,,0.0,6
233,timeout,behind2,35.5,600,-0.83,-0.49,1.6,155,,0.65,9
234,parked,,16.8,163,-0.29,-0.1,0.7,0,,0.0,1
235,parked,behind3,41.5,261,-0.32,-0.19,1.3,0,,0.0,1
236,parked,,32.8,227,-0.32,-0.18,1.2,0,,0.0,1
237,parked,behind3,30.7,219,-0.31,-0.19,1.3,0,,0.0,1
238,collision,behind1,33.8,410,-1.22,0.02,-5.1,146,vehicle.ford.crown,0.01,0
239,parked,behind1,32.0,424,-0.33,-0.03,-4.3,147,,0.02,1
240,collision,,18.3,89,-5.64,-0.53,24.7,0,static.static,1.32,0
241,parked,behind3,29.7,215,-0.33,-0.19,1.3,0,,0.0,1
242,parked,,23.5,190,-0.31,-0.18,1.2,0,,0.0,1
243,parked,,18.1,168,-0.27,-0.15,1.1,0,,0.0,1
244,parked,behind1,27.1,416,-0.82,0.11,-0.3,157,,0.21,1
245,parked,behind1,24.8,395,-0.32,0.07,-2.0,146,,0.0,1
246,parked,behind3,46.0,283,-0.3,-0.19,1.3,0,,0.01,1
247,parked,ahead,35.8,240,-0.32,-0.17,1.2,0,,0.0,1
248,timeout,,32.3,600,-1.09,-0.6,-1.9,161,,0.69,9
249,parked,behind3,41.8,265,-0.27,-0.18,1.2,0,,0.0,1
250,parked,,33.3,230,-0.31,-0.2,1.3,0,,0.0,1
251,parked,,25.6,198,-0.32,-0.18,1.2,0,,0.0,1
252,parked,behind1,25.7,397,-0.34,0.06,-2.1,145,,0.0,1
253,parked,behind3,30.3,216,-0.3,-0.18,1.2,0,,0.0,1
254,parked,,30.9,221,-0.3,-0.2,1.3,0,,0.0,1
255,parked,,19.7,300,-0.26,-0.25,0.4,51,,0.0,4
256,parked,,32.1,225,-0.33,-0.16,1.1,0,,0.0,1
257,parked,,21.2,180,-0.34,-0.15,1.1,0,,0.0,1
258,parked,ahead,21.9,228,-0.29,-0.24,0.1,18,,0.0,2
259,parked,behind1,17.6,362,-0.34,0.08,-1.7,144,,0.0,1
260,parked,ahead,35.0,237,-0.34,-0.19,1.3,0,,0.0,1
261,parked,ahead,22.0,186,-0.35,-0.22,1.3,3,,0.17,1
262,parked,,17.6,159,-0.79,-0.12,1.3,0,,0.29,0
263,parked,,27.5,205,-0.29,-0.21,1.3,0,,0.0,1
264,parked,behind3,48.1,289,-0.32,-0.19,1.3,0,,0.0,1
265,parked,behind3,38.5,249,-0.32,-0.2,1.3,0,,0.0,1
266,parked,,16.9,333,-0.27,-0.24,0.1,70,,0.0,5
267,parked,behind2,37.5,507,-0.34,-0.25,0.3,110,,0.0,7
268,parked,behind1,35.0,425,-0.32,0.07,-1.9,145,,0.0,1
269,parked,behind2,41.1,521,-0.31,-0.24,0.1,109,,0.0,7
270,parked,behind3,37.5,244,-0.32,-0.18,1.2,0,,0.0,1
271,parked,behind3,37.9,248,-0.29,-0.18,1.2,0,,0.0,1
272,parked,behind2,29.7,475,-0.3,-0.24,-0.0,106,,0.0,7
273,parked,,28.0,207,-0.33,-0.16,1.1,0,,0.0,1
274,parked,ahead,16.8,158,-0.33,-0.09,0.7,0,,0.0,1
275,parked,ahead,18.4,340,-0.3,-0.25,0.4,72,,0.0,5
276,parked,ahead,20.6,177,-0.34,-0.1,0.8,0,,0.0,1
277,parked,,36.1,240,-0.29,-0.18,1.2,0,,0.0,1
278,parked,,27.9,207,-0.27,-0.18,1.2,0,,0.0,1
279,parked,behind3,44.9,274,-0.34,-0.18,1.2,0,,0.0,1
280,parked,,35.5,238,-0.33,-0.18,1.2,0,,0.0,1
281,parked,behind1,23.5,379,-0.34,0.07,-1.9,141,,0.0,1
282,parked,behind2,32.7,443,-0.33,-0.24,0.6,90,,0.0,6
283,parked,behind3,40.5,257,-0.33,-0.19,1.3,0,,0.0,1
284,parked,behind2,37.7,501,-0.27,-0.25,-0.0,106,,0.0,7
285,collision,behind1,27.4,382,-1.22,0.03,-4.8,146,vehicle.ford.crown,0.03,0
286,parked,behind3,39.6,255,-0.3,-0.18,1.2,0,,0.0,1
287,parked,,19.3,171,-0.34,-0.12,0.9,0,,0.0,1
288,parked,behind3,42.0,265,-0.29,-0.19,1.2,0,,0.0,1
289,parked,behind1,29.3,408,-0.33,0.07,-2.0,141,,0.0,1
290,parked,,18.9,172,-0.32,-0.11,0.8,0,,0.0,1
291,parked,ahead,28.2,209,-0.3,-0.17,1.2,0,,0.0,1
292,parked,behind3,37.7,246,-0.33,-0.2,1.3,0,,0.0,1
293,parked,behind2,32.9,484,-0.33,-0.24,0.5,108,,0.0,7
294,parked,behind2,29.4,472,-0.29,-0.25,-0.0,107,,0.0,7
295,parked,behind2,34.0,531,-0.3,-0.25,0.1,126,,0.0,8
296,parked,behind3,42.8,268,-0.27,-0.18,1.2,0,,0.0,1
297,parked,behind2,24.5,414,-0.28,-0.25,0.3,91,,0.0,6
298,parked,behind2,35.1,495,-0.28,-0.24,0.2,107,,0.0,7
299,parked,behind2,41.8,516,-0.3,-0.25,0.3,106,,0.0,7
300,parked,,17.5,248,-0.27,-0.24,0.5,34,,0.0,3
301,parked,behind2,34.9,492,-0.27,-0.25,0.0,106,,0.0,7
302,parked,behind1,32.6,418,-0.33,0.08,-1.8,144,,0.0,1
303,parked,behind1,25.0,384,-0.32,0.07,-1.8,140,,0.0,1
304,parked,behind3,43.6,271,-0.29,-0.18,1.2,0,,0.0,1
305,parked,,24.1,191,-0.32,-0.2,1.3,0,,0.0,1
306,parked,behind2,32.9,444,-0.32,-0.24,-0.1,91,,0.0,6
307,collision,behind3,47.7,208,-5.66,-0.52,24.4,0,static.static,1.0,0
308,parked,,16.4,164,-0.34,-0.1,0.7,0,,0.0,1
309,parked,,25.3,196,-0.33,-0.2,1.3,0,,0.0,1
310,parked,behind2,28.7,467,-0.34,-0.24,0.2,107,,0.0,7
311,parked,behind1,21.3,367,-0.33,0.06,-1.9,140,,0.0,1
312,parked,,28.5,209,-0.32,-0.18,1.2,0,,0.0,1
313,parked,behind2,32.0,480,-0.32,-0.25,0.2,109,,0.0,7
314,parked,behind1,16.9,353,-0.31,0.07,-1.9,144,,0.0,1
315,parked,behind2,41.1,514,-0.33,-0.25,0.1,106,,0.0,7
316,timeout,behind1,33.2,600,1.9,-3.08,-0.1,0,,0.0,403
317,parked,,35.1,237,-0.3,-0.19,1.2,0,,0.0,1
318,collision,ahead,23.3,117,-4.65,-0.14,20.8,0,static.vegetation,1.5,0
319,parked,behind2,23.7,448,-0.3,-0.26,0.3,109,,0.18,7
320,parked,behind2,25.3,376,-0.3,-0.25,0.5,75,,0.19,5
321,parked,,28.0,247,-0.3,-0.24,-0.0,17,,0.0,2
322,parked,behind3,34.0,232,-0.3,-0.18,1.2,0,,0.0,1
323,parked,,27.4,205,-0.32,-0.13,1.0,0,,0.0,1
324,parked,behind3,47.9,288,-0.3,-0.18,1.2,0,,0.0,1
325,parked,,33.5,229,-0.29,-0.16,1.1,0,,0.0,1
326,parked,behind2,33.3,313,-0.3,-0.24,0.1,35,,0.0,3
327,parked,behind3,36.2,246,-0.31,-0.17,1.2,0,,0.0,1
328,parked,behind1,30.0,412,-0.28,0.06,-2.0,143,,0.0,1
329,parked,behind2,27.3,419,-0.31,-0.25,-0.0,89,,0.0,6
330,parked,,33.3,228,-0.32,-0.18,1.2,0,,0.0,1
331,parked,,34.1,232,-0.32,-0.16,1.1,0,,0.0,1
332,parked,ahead,22.1,184,-0.31,-0.12,0.9,0,,0.0,1
333,parked,behind1,29.3,404,-0.33,0.06,-2.0,145,,0.0,1
334,parked,ahead,17.5,165,-0.31,-0.1,0.8,0,,0.0,1
335,parked,behind1,23.0,377,-0.33,0.07,-1.9,143,,0.0,1
336,parked,behind3,43.6,270,-0.29,-0.19,1.2,0,,0.0,1
337,parked,behind1,20.5,376,-0.3,0.06,-2.1,146,,0.0,1
338,parked,behind3,42.2,265,-0.34,-0.18,1.2,0,,0.0,1
339,parked,behind2,32.3,491,-0.31,-0.24,0.3,95,,0.01,7
340,parked,behind3,44.5,274,-0.27,-0.19,1.2,0,,0.0,1
341,timeout,behind2,22.8,576,-1.3,-0.58,-5.2,145,,0.26,9
342,parked,behind3,44.8,269,-0.78,-0.19,1.6,0,,0.25,0
343,parked,ahead,35.6,240,-0.29,-0.19,1.2,0,,0.0,1
344,parked,behind1,19.1,396,-0.85,0.11,-0.5,163,,0.3,1
345,parked,,34.8,235,-0.32,-0.21,1.3,0,,0.0,1
346,parked,,35.1,236,-0.33,-0.19,1.3,0,,0.0,1
347,parked,ahead,33.6,229,-0.31,-0.2,1.3,0,,0.0,1
348,parked,behind3,45.2,275,-0.3,-0.19,1.2,0,,0.0,1
349,timeout,behind1,34.4,600,1.89,-3.07,-0.2,0,,0.0,399
350,parked,behind3,38.3,251,-0.3,-0.18,1.2,0,,0.0,1
351,parked,ahead,31.4,221,-0.33,-0.17,1.1,0,,0.0,1
352,parked,,45.6,278,-0.32,-0.19,1.2,0,,0.0,1
353,parked,ahead,16.8,162,-0.28,-0.2,1.3,0,,0.0,1
354,parked,behind3,40.4,258,-0.29,-0.19,1.2,0,,0.0,1
355,parked,behind3,40.7,259,-0.34,-0.19,1.3,0,,0.0,1
356,parked,behind2,26.7,377,-0.3,-0.24,0.6,72,,0.0,5
357,parked,,22.4,183,-0.32,-0.12,0.9,0,,0.0,1
358,parked,ahead,17.6,169,-0.3,-0.11,0.8,0,,0.0,1
359,parked,,29.2,212,-0.33,-0.19,1.2,0,,0.0,1
360,parked,,17.4,164,-0.32,-0.16,1.1,0,,0.0,1
361,parked,,21.9,224,-0.31,-0.24,0.4,17,,0.0,2
362,parked,behind3,45.7,280,-0.28,-0.18,1.2,0,,0.0,1
363,parked,behind3,30.3,218,-0.29,-0.17,1.1,0,,0.0,1
364,parked,,23.0,195,-0.3,-0.14,1.0,0,,0.0,1
365,parked,behind2,41.7,470,-0.33,-0.25,0.3,87,,0.0,6
366,parked,ahead,32.4,226,-0.31,-0.16,1.1,0,,0.0,1
367,parked,,25.5,198,-0.31,-0.13,0.9,0,,0.0,1
368,parked,behind3,32.3,227,-0.28,-0.16,1.1,0,,0.0,1
369,parked,,22.6,274,-0.34,-0.25,0.5,39,,0.19,3
370,parked,behind2,37.5,503,-0.34,-0.25,0.2,108,,0.0,7
371,parked,,36.2,240,-0.33,-0.18,1.2,0,,0.0,1
372,parked,behind3,44.6,274,-0.29,-0.19,1.2,0,,0.0,1
373,parked,behind3,41.5,262,-0.32,-0.18,1.2,0,,0.0,1
374,parked,behind2,23.7,448,-0.34,-0.24,0.5,107,,0.0,7
375,parked,,22.0,182,-0.34,-0.17,1.1,0,,0.0,1
376,parked,behind1,35.3,435,-0.33,0.07,-1.9,144,,0.0,1
377,parked,behind1,24.3,381,-0.31,0.07,-2.0,142,,0.0,1
378,parked,behind2,31.6,483,-0.34,-0.25,-0.2,109,,0.0,7
379,parked,,34.6,232,-0.34,-0.15,1.1,0,,0.0,1
380,timeout,behind1,31.5,600,-1.25,-0.84,-1.3,213,,0.14,4
381,parked,behind2,39.9,512,-0.32,-0.25,0.2,107,,0.0,7
382,parked,,31.9,222,-0.27,-0.2,1.3,0,,0.0,1
383,parked,,17.1,161,-0.34,-0.13,1.0,0,,0.0,1
384,parked,behind1,23.8,390,-0.31,0.07,-1.9,145,,0.0,1
385,parked,,25.9,201,-0.3,-0.14,1.0,0,,0.0,1
386,parked,behind1,20.6,366,-0.3,0.04,-1.8,143,,0.0,1
387,timeout,behind1,30.3,600,0.56,-3.11,0.1,0,,0.0,424
388,parked,behind2,26.4,505,-0.28,-0.24,0.4,127,,0.0,8
389,parked,behind3,38.6,252,-0.29,-0.18,1.2,0,,0.0,1
390,parked,,24.3,192,-0.33,-0.2,1.3,0,,0.0,1
391,parked,,29.5,212,-0.33,-0.16,1.1,0,,0.0,1
392,parked,,35.7,239,-0.31,-0.18,1.2,0,,0.0,1
393,parked,,24.8,195,-0.28,-0.21,1.3,0,,0.0,1
394,parked,ahead,34.4,235,-0.28,-0.17,1.2,0,,0.0,1
395,parked,,27.9,207,-0.28,-0.15,1.1,0,,0.0,1
396,parked,,26.9,203,-0.31,-0.2,1.3,0,,0.0,1
397,parked,,39.3,253,-0.31,-0.19,1.2,0,,0.0,1
398,parked,,34.8,237,-0.34,-0.21,0.8,0,,0.02,1
399,collision,,18.2,100,-4.63,0.01,19.3,0,static.sidewalk,0.03,0
400,parked,,35.2,235,-0.29,-0.19,1.2,0,,0.0,1
401,parked,,32.8,226,-0.33,-0.18,1.2,0,,0.0,1
402,parked,behind3,29.7,214,-0.27,-0.18,1.2,0,,0.0,1
403,parked,,28.4,211,-0.33,-0.18,1.3,0,,0.01,1
404,parked,behind1,31.0,420,-0.28,0.07,-1.9,147,,0.0,1
405,parked,behind2,39.4,512,-0.31,-0.25,0.2,110,,0.0,7
406,parked,behind1,32.7,426,-0.27,0.06,-1.9,146,,0.0,1
407,parked,behind3,48.9,291,-0.34,-0.19,1.2,0,,0.0,1
408,timeout,behind2,37.8,600,-0.31,-0.3,6.4,145,,0.12,9
409,parked,behind3,43.3,270,-0.27,-0.18,1.2,0,,0.0,1
410,collision,behind1,19.5,339,-1.28,0.04,-4.6,139,vehicle.nissan.patrol_2021,0.03,0
411,parked,,28.1,293,-0.3,-0.24,0.0,36,,0.0,3
412,parked,,26.9,203,-0.3,-0.21,1.3,0,,0.0,1
413,parked,behind3,41.5,260,-0.31,-0.18,1.2,0,,0.0,1
414,parked,behind2,26.6,505,-0.3,-0.25,-0.2,124,,0.01,8
415,parked,ahead,16.6,163,-0.3,-0.16,1.1,0,,0.0,1
416,parked,behind1,33.0,415,-0.31,0.07,-1.9,141,,0.0,1
417,parked,,28.6,211,-0.29,-0.18,1.2,0,,0.0,1
418,parked,behind2,29.4,431,-0.28,-0.23,0.4,89,,0.0,6
419,parked,,33.1,229,-0.29,-0.19,1.2,0,,0.0,1
420,parked,behind1,28.6,411,-0.29,0.08,-1.8,146,,0.0,1
421,parked,,31.1,220,-0.33,-0.21,1.3,0,,0.0,1
422,parked,behind3,48.9,291,-0.31,-0.19,1.2,0,,0.0,1
423,parked,behind3,35.3,237,-0.33,-0.2,1.3,0,,0.0,1
424,parked,behind1,16.4,348,-0.29,0.07,-1.8,146,,0.0,1
425,parked,behind2,33.9,492,-0.3,-0.25,0.2,109,,0.0,7
426,parked,behind2,34.4,449,-0.34,-0.25,0.4,90,,0.0,6
427,parked,ahead,22.3,187,-0.29,-0.14,1.0,0,,0.0,1
428,parked,ahead,19.9,177,-0.27,-0.11,0.8,0,,0.0,1
429,parked,,32.0,223,-0.31,-0.17,1.1,0,,0.0,1
430,parked,,32.2,226,-0.34,-0.18,1.2,0,,0.0,1
431,parked,behind3,35.2,236,-0.3,-0.19,1.2,0,,0.0,1
432,parked,behind1,21.0,375,-0.3,0.06,-2.1,144,,0.0,1
433,parked,behind1,30.1,404,-0.3,0.06,-2.1,142,,0.0,1
434,parked,behind3,42.5,266,-0.31,-0.18,1.2,0,,0.0,1
435,parked,behind1,18.5,371,-0.3,0.07,-1.7,146,,0.0,1
436,timeout,behind3,42.0,600,-0.87,-0.41,4.0,141,,0.58,8
437,parked,,21.0,181,-0.31,-0.17,1.1,0,,0.0,1
438,parked,behind1,18.9,360,-0.34,0.07,-1.8,142,,0.0,1
439,parked,behind1,31.4,411,-0.33,0.07,-1.9,144,,0.0,1
440,parked,behind1,34.1,423,-0.29,0.07,-1.9,142,,0.0,1
441,parked,ahead,23.0,188,-0.33,-0.13,1.0,0,,0.0,1
442,parked,behind1,24.0,401,-0.27,0.07,-1.9,153,,0.0,1
443,parked,,24.4,193,-0.3,-0.17,1.1,0,,0.0,1
444,parked,behind2,28.3,382,-0.35,-0.25,0.6,73,,0.16,5
445,parked,behind3,46.1,281,-0.32,-0.19,1.2,0,,0.0,1
446,parked,behind3,46.7,283,-0.34,-0.18,1.2,0,,0.0,1
447,parked,behind1,31.1,408,-0.31,0.06,-2.0,140,,0.0,1
448,parked,,23.1,230,-0.31,-0.25,0.3,18,,0.0,2
449,parked,,23.4,190,-0.28,-0.14,1.0,0,,0.0,1
450,parked,,19.0,171,-0.31,-0.12,0.8,0,,0.0,1
451,parked,,24.9,237,-0.31,-0.24,-0.1,17,,0.0,2
452,parked,behind2,31.2,479,-0.3,-0.24,0.5,108,,0.0,7
453,parked,,21.5,181,-0.34,-0.16,1.1,0,,0.0,1
454,collision,behind1,29.9,383,-1.22,0.03,-4.6,144,vehicle.ford.crown,0.02,0
455,parked,ahead,30.5,218,-0.33,-0.16,1.1,0,,0.0,1
456,parked,,24.6,194,-0.32,-0.16,1.1,0,,0.0,1
457,parked,,28.2,331,-0.34,-0.24,0.6,52,,0.0,4
458,parked,,33.0,227,-0.31,-0.15,1.1,0,,0.0,1
459,parked,behind1,19.0,363,-0.32,0.08,-1.7,143,,0.0,1
460,parked,ahead,29.1,212,-0.3,-0.19,1.2,0,,0.0,1
461,parked,ahead,23.5,191,-0.29,-0.19,1.2,0,,0.0,1
462,parked,,27.8,206,-0.31,-0.16,1.1,0,,0.0,1
463,parked,behind2,34.8,492,-0.33,-0.25,0.1,106,,0.0,7
464,parked,behind3,32.3,225,-0.28,-0.17,1.2,0,,0.0,1
465,parked,,32.0,224,-0.3,-0.21,1.3,0,,0.0,1
466,parked,behind2,30.0,472,-0.29,-0.24,0.2,106,,0.0,7
467,parked,behind1,17.1,353,-0.29,0.07,-1.8,141,,0.0,1
468,parked,behind3,37.6,248,-0.29,-0.18,1.2,0,,0.0,1
469,parked,behind2,39.9,341,-0.32,-0.24,0.1,35,,0.0,3
470,parked,behind1,19.4,360,-0.33,0.07,-1.8,141,,0.0,1
471,timeout,behind1,20.5,531,0.57,-3.14,0.3,0,,0.0,395
472,parked,,18.6,173,-0.3,-0.11,0.9,0,,0.05,1
473,parked,,34.1,224,-0.79,-0.17,1.6,0,,0.29,0
474,parked,behind2,28.2,421,-0.29,-0.25,0.5,89,,0.0,6
475,parked,behind1,35.1,441,-0.32,0.07,-2.0,149,,0.0,1
476,parked,ahead,33.0,228,-0.33,-0.19,1.3,0,,0.0,1
477,parked,,21.5,180,-0.33,-0.19,1.3,0,,0.0,1
478,parked,,26.1,199,-0.32,-0.19,1.3,0,,0.0,1
479,parked,behind2,32.1,311,-0.29,-0.24,0.4,36,,0.0,3
480,parked,behind3,41.3,262,-0.33,-0.18,1.2,0,,0.0,1
481,parked,ahead,21.2,182,-0.34,-0.22,1.3,3,,0.16,1
482,parked,,23.9,192,-0.3,-0.18,1.2,0,,0.0,1
483,parked,behind1,34.5,433,-0.29,0.06,-1.9,145,,0.0,1
484,parked,behind3,39.7,254,-0.3,-0.18,1.2,0,,0.0,1
485,parked,behind1,23.2,390,-0.32,0.08,-1.8,146,,0.0,1
486,parked,,25.7,200,-0.28,-0.16,1.1,0,,0.0,1
487,parked,behind1,16.6,361,-0.32,0.06,-2.1,147,,0.0,1
488,parked,behind1,25.3,387,-0.3,0.07,-1.9,143,,0.0,1
489,parked,behind2,41.5,476,-0.28,-0.25,0.1,90,,0.0,6
490,parked,,19.8,174,-0.31,-0.15,1.1,0,,0.0,1
491,parked,behind2,41.2,562,-0.29,-0.24,0.5,124,,0.0,8
492,parked,behind1,19.3,371,-0.34,0.07,-2.0,145,,0.0,1
493,parked,,27.6,206,-0.32,-0.2,1.3,0,,0.0,1
494,parked,behind1,35.2,439,-0.34,0.08,-1.8,147,,0.0,1
495,parked,behind2,34.7,448,-0.3,-0.24,0.2,90,,0.0,6
496,parked,behind3,36.8,243,-0.33,-0.2,1.3,0,,0.0,1
497,parked,,19.8,173,-0.34,-0.13,1.0,0,,0.0,1
498,parked,behind2,23.4,438,-0.31,-0.26,0.2,107,,0.0,7
499,parked,behind3,40.8,261,-0.33,-0.18,1.2,0,,0.0,1
500,parked,behind3,48.6,290,-0.3,-0.19,1.2,0,,0.0,1
501,parked,ahead,18.6,170,-0.33,-0.13,1.0,0,,0.0,1
502,parked,,18.8,171,-0.28,-0.19,1.2,0,,0.0,1
503,parked,,23.2,231,-0.26,-0.25,0.4,18,,0.0,2
504,parked,,35.1,237,-0.33,-0.16,1.1,0,,0.0,1
505,parked,behind3,36.8,244,-0.33,-0.17,1.2,0,,0.0,1
506,parked,ahead,23.2,190,-0.26,-0.17,1.1,0,,0.0,1
507,parked,ahead,30.0,217,-0.34,-0.2,1.3,0,,0.0,1
508,parked,behind1,20.0,377,-0.32,0.07,-2.0,147,,0.0,1
509,parked,,22.3,185,-0.29,-0.16,1.1,0,,0.0,1
510,parked,behind2,40.7,559,-0.29,-0.24,-0.0,124,,0.0,8
511,parked,ahead,36.0,240,-0.32,-0.2,1.3,0,,0.0,1
512,parked,behind3,42.8,269,-0.31,-0.19,1.3,0,,0.01,1
513,parked,behind2,27.8,415,-0.32,-0.25,0.3,88,,0.0,6
514,parked,behind2,23.7,449,-0.33,-0.24,0.6,108,,0.0,7
515,parked,behind1,31.6,420,-0.31,0.07,-2.0,144,,0.0,1
516,parked,,23.6,190,-0.29,-0.15,1.1,0,,0.0,1
517,parked,behind2,24.1,280,-0.33,-0.24,0.1,36,,0.0,3
518,parked,behind1,32.3,412,-0.33,0.06,-2.1,141,,0.0,1
519,parked,behind3,32.4,226,-0.32,-0.21,1.3,0,,0.0,1
520,parked,ahead,23.8,191,-0.28,-0.19,1.2,0,,0.0,1
521,parked,,29.6,215,-0.3,-0.17,1.1,0,,0.0,1
522,parked,,35.9,239,-0.29,-0.17,1.1,0,,0.0,1
523,parked,behind3,47.6,287,-0.32,-0.19,1.3,0,,0.0,1
524,parked,behind3,34.6,233,-0.33,-0.2,1.3,0,,0.0,1
525,parked,behind1,34.0,420,-0.33,0.06,-2.1,142,,0.0,1
526,parked,,25.4,197,-0.31,-0.16,1.1,0,,0.0,1
527,parked,behind2,31.7,480,-0.29,-0.25,0.1,108,,0.0,7
528,parked,behind2,24.5,452,-0.29,-0.24,0.2,107,,0.0,7
529,parked,behind3,38.5,249,-0.3,-0.18,1.2,0,,0.0,1
530,parked,,30.2,217,-0.34,-0.19,1.3,0,,0.0,1
531,parked,behind1,36.0,438,-0.27,0.06,-2.0,145,,0.0,1
532,parked,ahead,18.2,168,-0.34,-0.12,0.9,0,,0.0,1
533,parked,behind2,37.4,494,-0.29,-0.25,0.3,106,,0.0,7
534,parked,ahead,35.6,236,-0.33,-0.19,1.3,0,,0.0,1
535,parked,,32.9,227,-0.33,-0.17,1.2,0,,0.0,1
536,parked,,32.9,228,-0.32,-0.18,1.2,0,,0.0,1
537,parked,,27.8,207,-0.3,-0.15,1.0,0,,0.0,1
538,parked,,29.0,210,-0.33,-0.17,1.1,0,,0.0,1
539,parked,behind1,19.2,363,-0.28,0.08,-1.7,141,,0.0,1
540,parked,behind2,40.6,521,-0.29,-0.26,0.3,108,,0.0,7
541,parked,behind1,29.7,404,-0.33,0.07,-1.9,141,,0.0,1
542,timeout,,22.6,573,-0.28,-0.3,4.0,104,,0.06,6
543,parked,,17.3,165,-0.34,-0.17,1.2,0,,0.0,1
544,parked,,35.9,240,-0.29,-0.18,1.2,0,,0.0,1
545,parked,ahead,32.6,226,-0.31,-0.15,1.1,0,,0.0,1
546,parked,,26.9,204,-0.33,-0.12,0.9,0,,0.0,1
547,parked,behind3,37.1,244,-0.31,-0.19,1.2,0,,0.0,1
548,parked,,22.0,268,-0.28,-0.24,0.0,36,,0.0,3
549,parked,ahead,26.3,202,-0.29,-0.13,1.0,0,,0.0,1
550,parked,behind3,35.2,237,-0.33,-0.2,1.3,0,,0.0,1
551,parked,behind2,38.7,465,-0.28,-0.25,0.1,90,,0.0,6
552,parked,,32.2,224,-0.28,-0.17,1.1,0,,0.0,1
553,parked,behind3,31.0,221,-0.28,-0.15,1.0,0,,0.0,1
554,parked,behind2,34.2,487,-0.3,-0.25,0.1,106,,0.0,7
555,parked,behind2,29.9,433,-0.28,-0.25,0.0,90,,0.0,6
556,parked,behind2,28.4,467,-0.3,-0.24,0.5,106,,0.0,7
557,parked,behind2,24.0,454,-0.28,-0.24,0.2,108,,0.0,7
558,parked,behind3,39.6,255,-0.31,-0.18,1.2,0,,0.0,1
559,parked,behind2,32.0,481,-0.32,-0.25,0.4,107,,0.0,7
560,parked,behind2,35.7,413,-0.3,-0.25,0.5,73,,0.06,5
561,parked,behind3,31.5,223,-0.29,-0.17,1.2,0,,0.0,1
562,parked,,31.5,222,-0.27,-0.19,1.2,0,,0.0,1
563,parked,behind1,31.2,408,-0.34,0.07,-2.0,139,,0.0,1
564,parked,,24.0,190,-0.32,-0.19,1.2,0,,0.0,1
565,parked,behind1,19.4,372,-0.31,0.06,-2.0,145,,0.0,1
566,parked,behind1,26.8,400,-0.32,0.07,-2.0,144,,0.0,1
567,parked,ahead,30.3,217,-0.29,-0.2,1.3,0,,0.0,1
568,parked,behind2,25.3,407,-0.34,-0.24,0.5,87,,0.0,6
569,parked,behind2,39.2,466,-0.31,-0.24,0.2,89,,0.0,6
570,parked,behind2,39.5,552,-0.28,-0.25,0.1,125,,0.0,8
571,parked,,18.2,167,-0.33,-0.14,1.0,0,,0.0,1
572,parked,behind3,34.4,233,-0.33,-0.2,1.3,0,,0.0,1
573,parked,behind3,36.7,242,-0.32,-0.19,1.2,0,,0.0,1
574,collision,behind1,18.8,339,-1.22,0.02,-5.1,144,vehicle.ford.crown,0.05,0
575,parked,,17.3,165,-0.32,-0.21,1.4,0,,0.0,1
576,parked,behind3,37.0,243,-0.31,-0.2,1.3,0,,0.0,1
577,parked,behind1,21.1,371,-0.32,0.08,-1.8,142,,0.0,1
578,parked,,35.2,235,-0.31,-0.17,1.2,0,,0.0,1
579,parked,behind3,47.2,286,-0.31,-0.19,1.3,0,,0.0,1
580,parked,,25.9,202,-0.29,-0.21,0.5,0,,0.02,1
581,parked,behind2,26.2,456,-0.32,-0.24,0.1,106,,0.0,7
582,parked,behind2,37.5,503,-0.28,-0.24,0.2,107,,0.0,7
583,parked,behind3,30.4,217,-0.34,-0.19,1.2,0,,0.0,1
584,parked,,20.3,177,-0.3,-0.11,0.8,0,,0.0,1
585,collision,behind1,35.1,414,-1.22,0.04,-4.6,147,vehicle.ford.crown,0.01,0
586,parked,behind2,24.3,452,-0.3,-0.24,0.3,107,,0.0,7
587,parked,behind1,32.6,425,-0.32,0.06,-2.0,145,,0.0,1
588,parked,,21.4,180,-0.31,-0.18,1.2,0,,0.0,1
589,parked,,25.6,197,-0.29,-0.19,1.2,0,,0.0,1
590,parked,,19.3,172,-0.34,-0.13,1.0,0,,0.0,1
591,parked,behind1,34.3,423,-0.31,0.07,-1.9,144,,0.0,1
592,parked,behind1,21.3,382,-0.33,0.07,-2.0,146,,0.0,1
593,parked,behind2,38.1,422,-0.31,-0.25,0.5,71,,0.0,5
594,collision,behind1,21.1,348,-1.28,0.04,-4.7,143,vehicle.nissan.patrol_2021,0.02,0
595,parked,behind1,23.5,391,-0.32,0.07,-1.7,145,,0.0,1
596,parked,behind3,40.5,259,-0.31,-0.18,1.2,0,,0.0,1
597,parked,ahead,16.8,163,-0.33,-0.18,1.2,0,,0.0,1
598,parked,behind3,45.5,279,-0.28,-0.19,1.2,0,,0.0,1
599,parked,behind2,24.7,409,-0.28,-0.24,0.3,89,,0.0,6
600,parked,behind2,32.5,481,-0.27,-0.24,0.6,106,,0.0,7
601,parked,behind1,29.8,397,-0.27,-0.08,-1.3,130,,0.0,2
602,parked,,28.7,210,-0.33,-0.17,1.2,0,,0.0,1
603,parked,behind3,42.9,268,-0.28,-0.18,1.2,0,,0.0,1
604,parked,,31.5,222,-0.33,-0.19,1.3,0,,0.0,1
605,parked,behind3,40.0,257,-0.27,-0.18,1.2,0,,0.0,1
606,parked,behind2,34.6,493,-0.37,-0.26,0.1,110,,0.29,7
607,parked,behind3,46.2,282,-0.3,-0.19,1.3,0,,0.0,1
608,parked,behind3,42.5,268,-0.27,-0.18,1.2,0,,0.0,1
609,parked,behind3,36.2,241,-0.29,-0.18,1.2,0,,0.0,1
610,parked,behind3,39.5,254,-0.33,-0.2,1.3,0,,0.0,1
611,timeout,behind1,34.3,600,0.6,-3.11,0.1,0,,0.0,408
612,parked,,21.9,182,-0.3,-0.15,1.1,0,,0.0,1
613,parked,ahead,27.4,207,-0.31,-0.19,1.3,0,,0.0,1
614,parked,behind3,46.5,282,-0.33,-0.18,1.2,0,,0.0,1
615,parked,behind1,25.0,397,-0.29,0.06,-2.0,147,,0.0,1
616,parked,,28.9,212,-0.27,-0.2,1.3,0,,0.0,1
617,parked,behind2,29.4,469,-0.33,-0.25,0.2,108,,0.0,7
618,parked,behind2,29.4,513,-0.29,-0.25,-0.2,124,,0.0,8
619,parked,,18.4,168,-0.34,-0.2,1.3,0,,0.0,1
620,parked,ahead,16.7,167,-0.3,-0.11,0.8,0,,0.0,1
621,parked,behind1,22.7,386,-0.28,0.06,-2.0,145,,0.0,1
622,parked,,26.9,203,-0.33,-0.11,0.8,0,,0.0,1
623,parked,behind2,36.5,498,-0.3,-0.24,0.1,108,,0.0,7
624,parked,behind2,27.7,422,-0.32,-0.24,0.4,89,,0.0,6
625,parked,ahead,29.9,215,-0.31,-0.18,1.2,0,,0.0,1
626,parked,behind2,31.2,436,-0.33,-0.26,0.3,92,,0.16,6
627,parked,ahead,17.1,164,-0.29,-0.17,1.1,0,,0.0,1
628,parked,behind2,24.9,407,-0.33,-0.24,-0.0,88,,0.0,6
629,parked,behind2,37.9,504,-0.31,-0.25,0.2,108,,0.0,7
630,parked,behind1,19.9,362,-0.31,0.07,-1.9,139,,0.0,1
631,parked,behind3,48.0,288,-0.34,-0.18,1.2,0,,0.0,1
632,parked,behind2,35.8,541,-0.28,-0.24,0.1,125,,0.0,8
633,parked,ahead,25.8,199,-0.27,-0.15,1.1,0,,0.0,1
634,parked,behind2,33.7,449,-0.29,-0.24,0.4,90,,0.0,6
635,parked,,28.3,208,-0.33,-0.19,1.3,0,,0.0,1
636,parked,behind2,25.9,455,-0.29,-0.24,0.3,105,,0.01,7
637,parked,behind3,48.3,289,-0.31,-0.18,1.2,0,,0.0,1
638,parked,behind2,23.6,493,-0.28,-0.24,0.1,125,,0.0,8
639,parked,behind1,32.1,421,-0.32,0.07,-1.9,144,,0.0,1
640,parked,behind3,44.9,276,-0.29,-0.18,1.2,0,,0.0,1
641,parked,behind2,38.5,462,-0.33,-0.25,0.2,90,,0.0,6
642,parked,,29.9,215,-0.29,-0.17,1.2,0,,0.0,1
643,parked,ahead,28.3,207,-0.3,-0.15,1.1,0,,0.0,1
644,parked,behind3,29.3,214,-0.29,-0.19,1.2,0,,0.0,1
645,timeout,behind1,31.5,600,0.5,-3.09,-0.1,0,,0.0,420
646,parked,behind2,30.5,473,-0.32,-0.25,0.4,107,,0.0,7
647,parked,behind1,17.2,361,-0.28,0.07,-1.6,148,,0.02,1
648,parked,ahead,35.0,236,-0.31,-0.18,1.2,0,,0.0,1
649,parked,behind2,28.8,467,-0.35,-0.26,0.3,110,,0.16,7
650,parked,behind1,35.8,428,-0.31,0.06,-2.0,140,,0.0,1
651,parked,behind1,26.3,399,-0.32,0.07,-2.0,144,,0.0,1
652,parked,ahead,35.0,235,-0.34,-0.2,1.3,0,,0.0,1
653,parked,,27.2,205,-0.34,-0.17,1.2,0,,0.0,1
654,parked,behind3,40.7,259,-0.34,-0.2,1.3,0,,0.0,1
655,parked,behind3,43.2,268,-0.34,-0.18,1.2,0,,0.0,1
656,parked,,20.1,174,-0.34,-0.2,1.3,0,,0.0,1
657,parked,behind2,29.6,301,-0.28,-0.24,0.1,36,,0.0,3
658,parked,behind3,31.0,219,-0.33,-0.18,1.2,0,,0.0,1
659,parked,,33.0,227,-0.3,-0.16,1.1,0,,0.0,1
660,collision,behind1,16.8,330,-1.28,0.04,-4.8,141,vehicle.nissan.patrol_2021,0.03,0
661,parked,behind2,22.3,440,-0.33,-0.25,-0.1,107,,0.0,7
662,parked,behind3,41.4,262,-0.31,-0.19,1.2,0,,0.0,1
663,parked,behind2,39.2,465,-0.32,-0.24,0.3,90,,0.0,6
664,parked,,34.3,234,-0.32,-0.17,1.1,0,,0.0,1
665,parked,,33.0,229,-0.33,-0.18,1.2,0,,0.0,1
666,parked,behind3,30.4,217,-0.31,-0.14,1.0,0,,0.0,1
667,parked,,25.8,199,-0.34,-0.19,1.2,0,,0.0,1
668,parked,behind3,39.3,252,-0.31,-0.19,1.2,0,,0.0,1
669,parked,behind1,29.1,415,-0.27,0.07,-1.8,147,,0.0,1
670,parked,behind2,42.1,524,-0.29,-0.25,0.4,107,,0.0,7
671,parked,behind3,39.8,255,-0.29,-0.19,1.2,0,,0.0,1
672,parked,behind2,27.0,416,-0.34,-0.25,0.0,90,,0.0,6
673,parked,behind2,23.4,402,-0.31,-0.24,0.3,88,,0.0,6
674,parked,behind1,26.9,394,-0.31,0.07,-1.9,142,,0.0,1
675,parked,behind3,47.2,285,-0.32,-0.19,1.2,0,,0.0,1
676,collision,behind1,30.1,383,-1.28,0.04,-4.5,141,vehicle.nissan.patrol_2021,0.03,0
677,parked,,31.6,223,-0.29,-0.19,1.3,0,,0.0,1
678,parked,behind2,25.2,408,-0.3,-0.24,0.1,88,,0.0,6
679,parked,behind3,38.2,251,-0.27,-0.17,1.1,0,,0.0,1
680,parked,behind1,24.4,384,-0.27,0.07,-1.7,143,,0.0,1
681,collision,behind1,33.0,396,-1.23,0.04,-4.9,144,vehicle.ford.crown,0.07,0
682,parked,behind1,19.5,371,-0.33,0.05,-2.2,145,,0.0,1
683,parked,behind3,30.3,217,-0.32,-0.19,1.3,0,,0.0,1
684,parked,ahead,18.5,169,-0.32,-0.14,1.0,0,,0.0,1
685,parked,,21.8,183,-0.3,-0.12,0.9,0,,0.0,1
686,timeout,behind3,35.0,600,-0.79,-0.47,2.3,154,,0.63,9
687,parked,,28.8,211,-0.28,-0.19,1.2,0,,0.0,1
688,parked,ahead,17.9,165,-0.3,-0.11,0.8,0,,0.0,1
689,parked,behind1,34.9,425,-0.32,0.07,-1.9,143,,0.0,1
690,parked,ahead,17.7,165,-0.3,-0.11,0.8,0,,0.0,1
691,parked,,31.1,221,-0.31,-0.2,1.3,0,,0.0,1
692,parked,behind2,25.7,421,-0.28,-0.25,0.5,91,,0.0,6
693,parked,behind2,39.7,517,-0.32,-0.25,0.3,108,,0.0,7
694,parked,behind3,39.7,255,-0.33,-0.19,1.3,0,,0.0,1
695,parked,,35.5,238,-0.31,-0.18,1.2,0,,0.0,1
696,parked,behind3,44.2,272,-0.34,-0.19,1.3,0,,0.0,1
697,parked,behind1,28.7,398,-0.31,0.08,-1.8,140,,0.0,1
698,parked,,27.0,204,-0.33,-0.17,1.2,0,,0.0,1
699,parked,behind1,27.3,393,-0.32,0.07,-2.0,143,,0.0,1
700,parked,ahead,24.9,195,-0.3,-0.14,1.0,0,,0.0,1
701,parked,behind2,38.0,460,-0.32,-0.24,0.0,89,,0.0,6
702,parked,,21.3,181,-0.27,-0.13,0.9,0,,0.0,1
703,parked,behind3,48.1,289,-0.32,-0.18,1.2,0,,0.0,1
704,parked,behind2,39.5,466,-0.32,-0.24,0.1,89,,0.0,6
705,parked,behind1,25.2,389,-0.32,-0.05,-1.2,141,,0.0,2
706,parked,behind2,24.1,448,-0.3,-0.25,0.3,106,,0.0,7
707,parked,,34.4,232,-0.28,-0.17,1.1,0,,0.0,1
708,parked,behind1,31.8,414,-0.29,0.08,-1.7,141,,0.0,1
709,parked,behind2,30.8,435,-0.27,-0.25,0.1,89,,0.0,6
710,parked,ahead,18.4,212,-0.33,-0.24,0.1,18,,0.0,2
711,parked,behind1,23.1,377,-0.31,0.06,-2.0,142,,0.0,1
712,timeout,behind3,30.7,600,-4.37,-0.32,24.7,0,,0.08,0
713,parked,behind1,22.6,385,-0.33,0.07,-1.9,147,,0.0,1
714,parked,behind2,30.0,470,-0.3,-0.25,0.4,105,,0.0,7
715,parked,behind2,41.4,554,-0.31,-0.25,0.2,123,,0.0,8
716,parked,,28.8,215,-0.31,-0.17,1.2,0,,0.0,1
717,parked,behind3,34.3,234,-0.34,-0.2,1.3,0,,0.0,1
718,parked,behind3,31.8,223,-0.28,-0.17,1.2,0,,0.0,1
719,parked,,27.4,206,-0.3,-0.18,1.2,0,,0.0,1
720,parked,behind2,33.7,494,-0.3,-0.24,-0.1,107,,0.01,7
721,timeout,behind3,41.6,600,-1.18,-0.58,-1.2,144,,0.52,8
722,parked,behind1,25.2,393,-0.29,0.06,-2.0,145,,0.0,1
723,parked,,32.1,225,-0.32,-0.16,1.1,0,,0.0,1
724,parked,,19.7,173,-0.3,-0.17,1.2,0,,0.0,1
725,parked,behind2,32.0,485,-0.32,-0.25,0.2,110,,0.0,7
726,collision,behind1,29.6,382,-1.22,0.02,-5.0,144,vehicle.ford.crown,0.17,0
727,parked,behind1,17.6,364,-0.31,0.06,-2.0,146,,0.0,1
728,parked,behind1,19.8,364,-0.3,0.07,-1.9,141,,0.0,1
729,parked,behind3,36.9,243,-0.33,-0.19,1.3,0,,0.0,1
730,collision,ahead,28.7,137,-4.9,-0.21,21.9,0,static.vegetation,1.28,0
731,parked,behind3,38.7,250,-0.32,-0.19,1.3,0,,0.0,1
732,parked,,25.7,198,-0.31,-0.13,0.9,0,,0.0,1
733,parked,,35.5,238,-0.3,-0.2,1.3,0,,0.0,1
734,parked,behind2,28.2,473,-0.33,-0.25,0.1,108,,0.0,7
735,parked,behind3,43.6,271,-0.31,-0.19,1.2,0,,0.0,1
736,parked,behind3,41.3,262,-0.32,-0.19,1.2,0,,0.0,1
737,parked,behind3,29.5,212,-0.34,-0.16,1.1,0,,0.0,1
738,parked,behind3,44.6,274,-0.3,-0.19,1.2,0,,0.0,1
739,parked,behind1,32.0,421,-0.29,0.06,-2.1,150,,0.0,1
740,parked,behind3,39.8,256,-0.28,-0.18,1.2,0,,0.0,1
741,parked,ahead,19.8,174,-0.34,-0.13,1.0,0,,0.0,1
742,parked,,28.8,211,-0.33,-0.19,1.3,0,,0.0,1
743,parked,,19.3,173,-0.32,-0.16,1.1,0,,0.0,1
744,parked,,16.5,162,-0.32,-0.11,0.8,0,,0.0,1
745,parked,behind1,21.6,377,-0.34,0.06,-2.1,144,,0.0,1
746,parked,ahead,28.5,211,-0.29,-0.15,1.0,0,,0.0,1
747,parked,behind2,34.8,495,-0.34,-0.24,-0.1,108,,0.0,7
748,parked,behind2,23.0,444,-0.32,-0.24,0.4,107,,0.0,7
749,parked,behind1,25.6,388,-0.32,0.07,-2.0,143,,0.0,1
750,parked,behind2,26.4,461,-0.31,-0.24,0.1,107,,0.0,7
751,parked,behind2,23.0,479,-0.32,-0.25,0.1,124,,0.0,8
752,parked,,33.9,231,-0.33,-0.19,1.3,0,,0.0,1
753,timeout,behind1,32.4,600,-1.23,-0.61,-0.9,213,,0.36,5
754,parked,behind1,23.9,390,-0.31,0.05,-2.2,147,,0.0,1
755,parked,behind1,28.3,398,-0.34,0.06,-2.0,141,,0.0,1
756,parked,ahead,18.7,169,-0.32,-0.13,0.9,0,,0.0,1
757,parked,ahead,17.3,164,-0.29,-0.18,1.2,0,,0.0,1
758,parked,,21.0,180,-0.32,-0.11,0.8,0,,0.0,1
759,parked,,43.9,272,-0.29,-0.18,1.2,0,,0.0,1
760,parked,,25.9,199,-0.28,-0.14,1.0,0,,0.0,1
761,parked,behind3,46.1,280,-0.28,-0.19,1.2,0,,0.0,1
762,parked,,24.8,238,-0.31,-0.24,0.2,18,,0.0,2
763,parked,,34.0,231,-0.29,-0.17,1.1,0,,0.0,1
764,parked,,33.5,230,-0.28,-0.2,1.3,0,,0.0,1
765,parked,behind1,23.3,381,-0.33,-0.07,-4.8,149,,0.02,1
766,parked,behind2,36.2,456,-0.34,-0.24,0.4,90,,0.0,6
767,parked,ahead,22.5,186,-0.31,-0.19,1.3,0,,0.0,1
768,parked,,25.5,198,-0.29,-0.18,1.2,0,,0.0,1
769,parked,behind2,34.8,540,-0.33,-0.25,0.6,125,,0.0,8
770,parked,behind3,47.3,285,-0.32,-0.18,1.2,0,,0.0,1
771,parked,behind1,33.9,431,-0.34,0.06,-2.1,145,,0.0,1
772,parked,,18.6,169,-0.28,-0.12,0.8,0,,0.0,1
773,collision,ahead,21.1,104,-5.21,-0.21,22.5,0,static.vegetation,1.12,0
774,parked,behind2,38.3,553,-0.31,-0.25,0.2,125,,0.0,8
775,parked,ahead,17.3,162,-0.33,-0.1,0.8,0,,0.0,1
776,parked,ahead,22.5,185,-0.28,-0.17,1.1,0,,0.0,1
777,parked,behind3,48.7,290,-0.31,-0.19,1.2,0,,0.0,1
778,parked,behind3,43.3,269,-0.34,-0.2,1.3,0,,0.0,1
779,parked,ahead,23.7,190,-0.31,-0.13,0.9,0,,0.0,1
780,parked,,35.3,238,-0.31,-0.19,1.3,0,,0.0,1
781,parked,,34.4,233,-0.31,-0.18,1.2,0,,0.0,1
782,timeout,behind2,35.1,600,-0.7,-0.44,3.0,157,,0.74,9
783,parked,behind2,33.5,492,-0.28,-0.24,0.6,109,,0.0,7
784,parked,behind2,33.3,482,-0.34,-0.25,0.0,107,,0.0,7
785,parked,behind2,40.5,555,-0.29,-0.25,-0.0,123,,0.01,8
786,parked,behind3,42.5,266,-0.34,-0.17,1.3,0,,0.01,1
787,parked,,24.1,192,-0.32,-0.11,0.8,0,,0.0,1
788,parked,behind1,15.7,346,-0.34,0.08,-1.7,143,,0.0,1
789,parked,behind1,16.5,361,-0.34,0.06,-2.0,145,,0.0,1
790,parked,behind3,46.0,280,-0.29,-0.18,1.2,0,,0.0,1
791,parked,,31.9,222,-0.32,-0.19,1.3,0,,0.0,1
792,parked,,25.8,199,-0.29,-0.15,1.0,0,,0.0,1
793,parked,,16.4,160,-0.31,-0.15,1.1,0,,0.0,1
794,parked,behind2,34.9,549,-0.28,-0.24,0.5,116,,0.01,8
795,parked,behind3,31.4,221,-0.32,-0.16,1.1,0,,0.0,1
796,parked,,33.5,230,-0.34,-0.18,1.2,0,,0.0,1
797,parked,,17.6,164,-0.33,-0.15,1.1,0,,0.0,1
798,parked,,20.0,176,-0.29,-0.17,1.1,0,,0.0,1
799,parked,,19.4,172,-0.3,-0.14,1.0,0,,0.0,1
800,parked,behind2,36.1,460,-0.31,-0.25,0.4,93,,0.18,6
801,parked,behind3,29.8,213,-0.32,-0.18,1.2,0,,0.0,1
802,parked,behind3,42.2,265,-0.3,-0.18,1.2,0,,0.0,1
803,parked,behind1,17.5,363,-0.32,0.06,-2.0,145,,0.0,1
804,parked,behind1,24.3,393,-0.32,0.06,-1.9,146,,0.0,1
805,parked,behind2,37.7,505,-0.34,-0.25,0.6,109,,0.0,7
806,parked,behind2,35.9,494,-0.31,-0.25,-0.2,105,,0.0,7
807,parked,behind1,21.6,372,-0.33,0.08,-1.8,142,,0.0,1
808,parked,behind2,32.1,401,-0.31,-0.25,0.6,75,,0.0,5
809,parked,,20.4,177,-0.32,-0.21,1.3,0,,0.0,1
810,parked,ahead,22.1,183,-0.33,-0.13,0.9,0,,0.0,1
811,parked,behind2,23.9,399,-0.31,-0.24,0.2,87,,0.0,6
812,parked,,19.5,175,-0.33,-0.14,1.0,0,,0.0,1
813,parked,,34.7,234,-0.33,-0.17,1.2,0,,0.0,1
814,parked,behind2,38.9,512,-0.29,-0.25,0.2,107,,0.0,7
815,parked,,26.3,199,-0.32,-0.15,1.1,0,,0.0,1
816,parked,,15.9,164,-0.29,-0.08,0.6,0,,0.0,1
817,parked,ahead,25.4,196,-0.32,-0.15,1.0,0,,0.0,1
818,parked,behind2,22.5,446,-0.27,-0.24,-0.1,109,,0.0,7
819,parked,,23.1,187,-0.32,-0.19,1.2,0,,0.0,1
820,parked,,28.3,209,-0.31,-0.15,1.0,0,,0.0,1
821,parked,behind2,33.2,532,-0.28,-0.24,0.5,127,,0.0,8
822,parked,behind3,39.0,253,-0.33,-0.19,1.2,0,,0.0,1
823,parked,behind2,40.5,514,-0.29,-0.24,0.7,107,,0.0,7
824,parked,ahead,26.8,202,-0.29,-0.18,1.2,0,,0.0,1
825,parked,behind2,25.1,452,-0.28,-0.24,0.5,106,,0.0,7
826,parked,behind3,44.3,274,-0.29,-0.19,1.2,0,,0.0,1
827,parked,ahead,34.5,234,-0.3,-0.18,1.2,0,,0.0,1
828,parked,behind1,17.6,367,-0.29,0.07,-1.8,146,,0.0,1
829,parked,,30.6,219,-0.29,-0.18,1.2,0,,0.0,1
830,parked,behind1,25.2,388,-0.29,0.06,-1.9,142,,0.0,1
831,parked,behind2,32.2,536,-0.29,-0.25,0.2,115,,0.01,8
832,parked,behind1,23.1,383,-0.31,0.07,-1.9,143,,0.0,1
833,parked,ahead,30.1,215,-0.33,-0.19,1.2,0,,0.0,1
834,parked,,33.0,227,-0.29,-0.16,1.1,0,,0.0,1
835,parked,behind1,16.9,363,-0.28,0.07,-1.9,144,,0.0,1
836,parked,behind1,25.7,398,-0.3,0.06,-2.1,146,,0.0,1
837,parked,behind3,32.1,226,-0.29,-0.2,1.3,0,,0.0,1
838,parked,behind2,40.4,467,-0.3,-0.25,-0.1,88,,0.0,6
839,parked,behind1,17.6,389,-0.83,0.11,-0.6,161,,0.26,1
840,parked,behind1,35.0,427,-0.31,0.07,-1.9,143,,0.0,1
841,parked,behind2,24.3,448,-0.28,-0.25,0.2,107,,0.0,7
842,parked,,30.3,218,-0.28,-0.17,1.1,0,,0.0,1
843,parked,behind1,21.0,368,-0.3,0.07,-1.9,141,,0.0,1
844,parked,,24.6,194,-0.3,-0.18,1.2,0,,0.0,1
845,parked,ahead,20.2,176,-0.29,-0.14,1.0,0,,0.0,1
846,parked,behind3,48.3,291,-0.33,-0.19,1.2,0,,0.0,1
847,parked,behind2,34.1,491,-0.3,-0.24,0.1,108,,0.0,7
848,parked,behind1,17.3,355,-0.31,0.07,-1.7,143,,0.0,1
849,parked,,18.0,168,-0.29,-0.17,1.2,0,,0.0,1
850,parked,behind3,41.8,262,-0.32,-0.19,1.2,0,,0.0,1
851,parked,ahead,31.2,220,-0.32,-0.15,1.1,0,,0.0,1
852,parked,,20.6,177,-0.29,-0.17,1.1,0,,0.0,1
853,parked,behind2,34.1,493,-0.34,-0.26,0.1,112,,0.19,7
854,parked,behind1,21.8,391,-0.31,0.06,-2.1,154,,0.0,1
855,parked,behind2,24.6,451,-0.29,-0.24,0.0,108,,0.0,7
856,parked,behind3,46.5,282,-0.34,-0.19,1.3,0,,0.0,1
857,parked,,21.4,181,-0.28,-0.12,0.8,0,,0.0,1
858,parked,behind2,28.3,378,-0.33,-0.25,0.3,70,,0.0,5
859,parked,behind3,30.1,216,-0.29,-0.19,1.3,0,,0.0,1
860,parked,behind1,21.6,383,-0.3,0.06,-2.0,147,,0.0,1
861,parked,behind3,30.9,221,-0.29,-0.15,1.1,0,,0.0,1
862,parked,behind2,35.0,450,-0.29,-0.25,-0.1,89,,0.0,6
863,parked,,30.6,219,-0.34,-0.17,1.2,0,,0.0,1
864,parked,behind3,42.2,265,-0.31,-0.18,1.2,0,,0.0,1
865,parked,behind1,27.4,404,-0.3,0.06,-1.9,145,,0.0,1
866,parked,behind1,35.2,426,-0.3,0.07,-1.9,142,,0.0,1
867,parked,ahead,34.9,234,-0.34,-0.19,1.3,0,,0.0,1
868,parked,behind1,30.5,408,-0.33,0.07,-1.9,142,,0.0,1
869,timeout,behind3,36.1,600,-4.39,-0.33,24.7,0,,0.08,0
870,parked,behind3,29.8,215,-0.31,-0.13,1.0,0,,0.0,1
871,parked,behind2,41.0,516,-0.31,-0.24,0.0,108,,0.0,7
872,parked,behind1,33.1,426,-0.27,0.06,-1.9,144,,0.0,1
873,parked,behind2,38.1,455,-0.31,-0.24,0.1,89,,0.0,6
874,parked,,32.5,228,-0.35,-0.22,1.3,3,,0.16,1
875,parked,,29.9,215,-0.31,-0.17,1.1,0,,0.0,1
876,parked,behind3,29.5,213,-0.33,-0.19,1.2,0,,0.0,1
877,parked,,35.6,238,-0.3,-0.2,1.3,0,,0.0,1
878,parked,ahead,34.1,232,-0.27,-0.18,1.2,0,,0.0,1
879,parked,behind2,24.0,366,-0.32,-0.26,0.3,74,,0.29,5
880,parked,ahead,24.7,194,-0.29,-0.16,1.1,0,,0.0,1
881,parked,behind1,26.5,399,-0.34,0.07,-2.0,145,,0.0,1
882,parked,behind3,36.1,242,-0.27,-0.18,1.2,0,,0.0,1
883,parked,,30.5,218,-0.28,-0.17,1.1,0,,0.0,1
884,parked,behind1,19.3,371,-0.33,0.07,-1.9,144,,0.0,1
885,parked,ahead,17.5,164,-0.33,-0.15,1.1,0,,0.0,1
886,timeout,behind1,16.7,454,0.56,-3.02,-0.6,0,,0.0,332
887,parked,behind2,40.9,511,-0.27,-0.25,0.1,106,,0.0,7
888,parked,behind3,42.7,268,-0.29,-0.18,1.2,0,,0.0,1
889,parked,,32.3,223,-0.33,-0.2,1.3,0,,0.0,1
890,parked,behind2,23.2,498,-0.29,-0.25,0.1,127,,0.0,8
891,parked,behind1,19.4,374,-0.28,0.07,-1.7,145,,0.0,1
892,parked,behind3,29.2,211,-0.34,-0.17,1.2,0,,0.0,1
893,parked,,24.8,195,-0.3,-0.18,1.2,0,,0.0,1
894,parked,ahead,26.3,201,-0.31,-0.17,1.2,0,,0.0,1
895,parked,,34.5,235,-0.31,-0.18,1.2,0,,0.0,1
896,parked,,32.3,229,-0.33,-0.2,1.3,0,,0.0,1
897,parked,behind1,33.4,419,-0.29,-0.07,-1.3,139,,0.0,2
898,parked,behind1,23.7,381,-0.27,0.07,-1.8,143,,0.0,1
899,parked,behind3,40.3,258,-0.29,-0.2,1.3,0,,0.0,1
900,collision,behind1,32.2,392,-1.28,0.02,-5.3,139,vehicle.nissan.patrol_2021,0.04,0
901,parked,,26.6,203,-0.3,-0.17,1.1,0,,0.0,1
902,parked,ahead,18.6,172,-0.31,-0.1,0.7,0,,0.0,1
903,collision,behind1,35.9,415,-1.22,0.04,-4.5,145,vehicle.ford.crown,0.01,0
904,parked,behind1,17.6,364,-0.32,0.07,-2.0,146,,0.0,1
905,parked,ahead,25.4,197,-0.31,-0.19,1.2,0,,0.0,1
906,parked,,31.0,219,-0.31,-0.19,1.2,0,,0.0,1
907,timeout,behind2,39.5,600,-0.45,-0.35,5.5,102,,0.54,6
908,parked,,29.8,220,-0.33,-0.18,1.2,0,,0.0,1
909,parked,,16.8,203,-0.32,-0.24,0.4,17,,0.0,2
910,parked,ahead,32.7,226,-0.31,-0.18,1.2,0,,0.0,1
911,parked,behind3,33.0,227,-0.31,-0.18,1.2,0,,0.0,1
912,parked,behind3,37.4,247,-0.29,-0.18,1.2,0,,0.0,1
913,parked,behind3,38.0,246,-0.32,-0.19,1.3,0,,0.0,1
914,timeout,behind1,17.0,460,0.16,-3.05,-0.3,0,,0.0,341
915,parked,behind2,29.9,300,-0.33,-0.25,0.2,35,,0.0,3
916,parked,,24.2,192,-0.29,-0.13,0.9,0,,0.0,1
917,parked,,48.6,292,-0.31,-0.19,1.2,0,,0.0,1
918,parked,ahead,27.4,205,-0.33,-0.14,1.0,0,,0.0,1
919,parked,,31.7,222,-0.31,-0.2,1.3,0,,0.0,1
920,parked,ahead,34.7,235,-0.28,-0.19,1.3,0,,0.0,1
921,parked,behind1,34.6,424,-0.29,0.06,-2.0,141,,0.0,1
922,parked,,34.8,279,-0.33,-0.25,0.1,18,,0.0,2
923,parked,behind2,35.7,500,-0.31,-0.25,0.4,108,,0.0,7
924,parked,ahead,23.3,189,-0.26,-0.13,1.0,0,,0.0,1
925,parked,,26.1,199,-0.32,-0.15,1.1,0,,0.0,1
926,parked,behind1,17.1,355,-0.32,0.08,-1.7,142,,0.0,1
927,parked,ahead,19.6,174,-0.32,-0.21,1.4,0,,0.0,1
928,parked,behind3,31.8,223,-0.28,-0.17,1.2,0,,0.0,1
929,parked,behind3,40.4,258,-0.28,-0.18,1.2,0,,0.0,1
930,parked,,20.3,179,-0.29,-0.17,1.1,0,,0.0,1
931,parked,,30.2,215,-0.33,-0.2,1.3,0,,0.0,1
932,parked,behind1,18.5,369,-0.3,0.07,-1.9,144,,0.0,1
933,parked,behind1,18.0,356,-0.32,0.07,-2.0,143,,0.0,1
934,parked,,34.8,236,-0.3,-0.2,1.3,0,,0.0,1
935,parked,behind2,27.4,496,-0.32,-0.25,0.1,121,,0.0,8
936,parked,,20.8,179,-0.34,-0.18,1.2,0,,0.0,1
937,parked,behind2,39.1,555,-0.28,-0.24,0.3,127,,0.0,8
938,parked,behind1,21.9,371,-0.27,0.06,-2.0,141,,0.0,1
939,parked,behind1,24.0,391,-0.34,0.06,-2.0,146,,0.0,1
940,parked,behind3,42.4,265,-0.33,-0.18,1.2,0,,0.0,1
941,parked,behind3,35.4,237,-0.32,-0.19,1.2,0,,0.0,1
942,parked,ahead,28.6,210,-0.34,-0.18,1.2,0,,0.0,1
943,parked,,23.3,189,-0.31,-0.13,0.9,0,,0.0,1
944,parked,,22.8,186,-0.3,-0.14,1.0,0,,0.0,1
945,parked,behind1,17.6,368,-0.29,0.07,-1.9,148,,0.0,1
946,parked,ahead,18.4,169,-0.27,-0.12,0.9,0,,0.0,1
947,parked,behind3,44.5,274,-0.3,-0.19,1.2,0,,0.0,1
948,parked,ahead,29.4,213,-0.32,-0.14,1.0,0,,0.0,1
949,parked,behind3,47.1,286,-0.31,-0.19,1.3,0,,0.01,1
950,timeout,,33.0,600,-1.18,-0.56,-0.5,160,,0.38,9
951,parked,behind1,28.6,397,-0.32,0.06,-2.1,143,,0.0,1
952,parked,behind3,39.6,253,-0.31,-0.18,1.2,0,,0.0,1
953,parked,behind2,37.2,455,-0.32,-0.24,0.1,88,,0.0,6
954,parked,behind3,35.3,238,-0.32,-0.2,1.3,0,,0.0,1
955,parked,ahead,19.8,175,-0.34,-0.12,0.9,0,,0.0,1
956,parked,,32.9,228,-0.33,-0.18,1.2,0,,0.0,1
957,parked,,16.5,205,-0.3,-0.25,0.4,18,,0.0,2
958,parked,behind2,31.9,482,-0.3,-0.25,0.0,107,,0.0,7
959,parked,,27.2,206,-0.3,-0.2,1.3,0,,0.0,1
960,parked,behind2,32.6,530,-0.33,-0.24,0.0,124,,0.0,8
961,parked,behind1,18.8,362,-0.32,0.07,-1.9,143,,0.0,1
962,parked,behind2,30.1,476,-0.32,-0.25,0.4,107,,0.0,7
963,collision,,19.8,97,-5.35,-0.49,24.2,0,static.static,1.24,0
964,parked,behind1,26.9,398,-0.27,-0.06,-4.5,151,,0.02,1
965,parked,behind2,27.4,460,-0.29,-0.24,0.6,107,,0.0,7
966,parked,,30.8,217,-0.32,-0.19,1.2,0,,0.0,1
967,parked,behind2,31.5,435,-0.3,-0.25,0.2,89,,0.0,6
968,parked,behind3,31.8,265,-0.29,-0.24,0.5,17,,0.0,2
969,parked,behind2,25.8,199,-0.32,-0.21,1.4,0,,0.0,1
970,parked,,25.1,235,-0.33,-0.25,0.0,17,,0.0,2
971,parked,behind1,26.9,402,-0.34,0.06,-2.0,146,,0.0,1
972,parked,,28.3,210,-0.32,-0.18,1.2,0,,0.0,1
973,parked,behind3,36.8,243,-0.29,-0.16,1.1,0,,0.0,1
974,timeout,,20.2,524,-0.78,-0.47,2.2,105,,0.67,6
975,parked,behind2,28.2,378,-0.3,-0.25,0.6,71,,0.0,5
976,parked,behind3,39.1,254,-0.29,-0.18,1.2,0,,0.0,1
977,parked,,34.0,232,-0.29,-0.2,1.3,0,,0.0,1
978,parked,,29.6,213,-0.28,-0.17,1.1,0,,0.0,1
979,parked,behind3,39.8,255,-0.33,-0.19,1.2,0,,0.0,1
980,parked,behind3,38.6,250,-0.3,-0.19,1.2,0,,0.0,1
981,parked,behind3,33.9,231,-0.33,-0.2,1.3,0,,0.0,1
982,parked,behind1,21.2,379,-0.29,0.06,-1.9,146,,0.0,1
983,parked,behind3,45.0,277,-0.3,-0.18,1.2,0,,0.0,1
984,parked,,31.7,221,-0.33,-0.18,1.2,0,,0.0,1
985,parked,,26.1,199,-0.3,-0.14,1.0,0,,0.0,1
986,parked,behind2,28.7,475,-0.3,-0.24,0.2,109,,0.0,7
987,parked,behind3,40.3,258,-0.31,-0.18,1.2,0,,0.0,1
988,parked,ahead,33.9,233,-0.3,-0.17,1.1,0,,0.0,1
989,parked,behind2,26.6,418,-0.29,-0.25,0.0,89,,0.0,6
990,parked,behind3,35.4,238,-0.31,-0.17,1.2,0,,0.0,1
991,parked,behind2,42.1,535,-0.34,-0.24,-0.1,97,,0.01,7
992,parked,,21.9,182,-0.29,-0.2,1.3,0,,0.0,1
993,parked,behind2,39.3,428,-0.28,-0.25,0.3,72,,0.0,5
994,parked,behind1,16.3,356,-0.32,0.06,-2.0,143,,0.0,1
995,parked,behind3,34.0,233,-0.31,-0.18,1.2,0,,0.0,1
996,parked,behind3,30.9,220,-0.28,-0.17,1.1,0,,0.0,1
997,collision,behind1,32.1,412,-1.37,0.02,-5.7,152,vehicle.dodge.charger_police_2020,0.01,0
998,parked,ahead,26.5,201,-0.34,-0.16,1.1,0,,0.0,1
999,parked,behind2,23.7,448,-0.27,-0.25,0.2,106,,0.0,7
1000,parked,,25.9,200,-0.28,-0.19,1.2,0,,0.0,1
1001,parked,,22.2,183,-0.33,-0.11,0.8,0,,0.0,1
1002,parked,behind3,46.5,282,-0.29,-0.18,1.2,0,,0.0,1
1003,parked,,36.3,241,-0.3,-0.21,1.3,0,,0.0,1
1004,parked,behind2,28.2,466,-0.29,-0.25,0.1,106,,0.0,7
1005,parked,behind1,17.8,363,-0.31,0.07,-1.9,143,,0.0,1
1006,parked,behind1,30.0,403,-0.32,0.07,-1.9,141,,0.0,1
1007,parked,ahead,22.4,184,-0.34,-0.15,1.1,0,,0.0,1
1008,parked,behind3,48.6,290,-0.29,-0.19,1.2,0,,0.0,1
1009,parked,behind1,17.0,364,-0.33,0.07,-1.8,147,,0.0,1
1010,parked,behind2,23.7,402,-0.28,-0.23,0.4,88,,0.0,6
1011,parked,behind3,48.5,292,-0.28,-0.19,1.2,0,,0.0,1
1012,parked,behind2,23.5,446,-0.32,-0.25,0.0,107,,0.0,7
1013,parked,behind1,20.6,375,-0.32,0.07,-1.7,144,,0.0,1
1014,parked,behind2,35.5,494,-0.32,-0.25,0.0,108,,0.0,7
1015,parked,,27.4,211,-0.3,-0.14,1.0,0,,0.0,1
1016,parked,,17.0,161,-0.34,-0.15,1.1,0,,0.0,1
1017,parked,behind2,34.1,448,-0.31,-0.25,0.1,89,,0.0,6
1018,parked,behind2,27.9,464,-0.3,-0.25,0.4,110,,0.0,7
1019,parked,behind1,21.6,370,-0.3,0.06,-2.1,142,,0.0,1
1020,parked,,41.9,264,-0.33,-0.19,1.2,0,,0.0,1
1021,parked,behind2,38.6,335,-0.29,-0.24,0.3,35,,0.0,3
1022,parked,,34.1,233,-0.33,-0.17,1.2,0,,0.0,1
1023,parked,,31.8,223,-0.28,-0.19,1.2,0,,0.0,1
1024,parked,,20.7,178,-0.32,-0.17,1.2,0,,0.0,1
1025,parked,,25.6,198,-0.3,-0.19,1.2,0,,0.0,1
1026,parked,behind3,48.0,288,-0.29,-0.18,1.2,0,,0.0,1
1027,parked,behind3,44.8,275,-0.3,-0.18,1.2,0,,0.0,1
1028,parked,,28.6,212,-0.28,-0.16,1.1,0,,0.0,1
1029,parked,ahead,20.7,349,-0.31,-0.25,0.4,72,,0.0,5
1030,parked,,24.7,193,-0.33,-0.19,1.3,0,,0.0,1
1031,parked,behind3,44.7,275,-0.33,-0.19,1.3,0,,0.0,1
1032,parked,behind3,44.7,273,-0.34,-0.17,1.2,0,,0.0,1
1033,parked,,32.1,225,-0.31,-0.16,1.1,0,,0.0,1
1034,parked,,19.1,255,-0.33,-0.24,0.5,36,,0.0,3
1035,parked,,28.3,210,-0.3,-0.21,1.3,0,,0.0,1
1036,parked,behind3,36.9,288,-0.33,-0.23,0.2,18,,0.0,2
1037,parked,behind1,35.5,427,-0.3,0.07,-1.8,140,,0.0,1
1038,parked,behind3,34.6,234,-0.3,-0.19,1.3,0,,0.0,1
1039,parked,behind2,30.1,464,-0.34,-0.25,0.4,104,,0.0,7
1040,parked,behind3,45.8,280,-0.34,-0.18,1.2,0,,0.0,1
1041,parked,behind2,28.4,381,-0.27,-0.25,0.4,72,,0.0,5
1042,parked,,34.1,232,-0.32,-0.2,1.3,0,,0.0,1
1043,parked,behind1,20.1,376,-0.3,0.07,-1.8,146,,0.0,1
1044,parked,ahead,28.2,200,-0.81,-0.19,1.6,0,,0.28,0
1045,parked,behind2,30.8,431,-0.29,-0.24,0.2,88,,0.0,6
1046,collision,behind1,21.3,361,-1.28,0.02,-5.1,145,vehicle.nissan.patrol_2021,0.01,0
1047,parked,behind1,32.7,426,-0.33,0.07,-2.0,147,,0.0,1
1048,parked,behind2,37.2,588,-0.31,-0.23,0.1,143,,0.0,9
1049,parked,behind2,38.8,510,-0.31,-0.25,0.2,107,,0.0,7
1050,parked,behind1,17.8,366,-0.29,0.07,-1.9,146,,0.0,1
1051,parked,,20.6,177,-0.32,-0.12,0.9,0,,0.0,1
1052,parked,behind3,48.6,289,-0.34,-0.19,1.2,0,,0.0,1
1053,parked,behind3,43.3,270,-0.29,-0.19,1.2,0,,0.0,1
1054,parked,ahead,24.8,194,-0.3,-0.21,1.3,0,,0.0,1
1055,parked,,29.8,215,-0.27,-0.17,1.1,0,,0.0,1
1056,parked,behind2,26.7,416,-0.28,-0.24,-0.1,91,,0.0,6
1057,parked,behind3,42.2,264,-0.32,-0.18,1.2,0,,0.0,1
1058,parked,,27.8,207,-0.28,-0.16,1.1,0,,0.0,1
1059,parked,ahead,33.5,229,-0.32,-0.18,1.2,0,,0.0,1
1060,parked,ahead,33.5,231,-0.28,-0.16,1.1,0,,0.0,1
1061,parked,ahead,27.7,252,-0.27,-0.24,0.4,18,,0.0,2
1062,parked,,33.3,230,-0.3,-0.19,1.2,0,,0.0,1
1063,parked,ahead,23.8,191,-0.33,-0.19,1.3,0,,0.0,1
1064,parked,,27.1,205,-0.33,-0.18,1.2,0,,0.0,1
1065,parked,behind3,41.7,263,-0.34,-0.18,1.2,0,,0.0,1
1066,parked,,27.0,204,-0.33,-0.19,1.3,0,,0.0,1
1067,parked,behind2,26.9,418,-0.29,-0.24,0.3,90,,0.0,6
1068,parked,behind2,40.0,430,-0.29,-0.25,0.4,72,,0.0,5
1069,parked,ahead,20.3,177,-0.32,-0.1,0.8,0,,0.0,1
1070,parked,behind2,36.9,545,-0.28,-0.25,0.4,125,,0.0,8
1071,parked,ahead,31.8,223,-0.31,-0.18,1.2,0,,0.0,1
1072,timeout,behind2,31.6,600,-1.25,-0.62,-2.5,166,,0.14,9
1073,parked,,33.9,232,-0.32,-0.2,1.3,0,,0.0,1
1074,parked,behind3,30.7,218,-0.32,-0.18,1.2,0,,0.0,1
1075,parked,,26.3,201,-0.33,-0.12,0.9,0,,0.0,1
1076,parked,behind2,27.7,461,-0.33,-0.25,0.1,107,,0.0,7
1077,parked,ahead,30.4,216,-0.31,-0.15,1.1,0,,0.0,1
1078,parked,,26.1,199,-0.28,-0.2,1.3,0,,0.0,1
1079,parked,behind1,20.4,377,-0.27,0.06,-1.9,145,,0.0,1
1080,parked,behind1,22.1,373,-0.3,0.07,-1.9,141,,0.0,1
1081,parked,,31.2,221,-0.27,-0.17,1.1,0,,0.0,1
1082,parked,,19.0,171,-0.27,-0.12,0.9,0,,0.0,1
1083,parked,behind3,41.7,263,-0.32,-0.18,1.2,0,,0.0,1
1084,parked,ahead,35.7,240,-0.32,-0.17,1.1,0,,0.0,1
1085,parked,behind3,36.6,241,-0.33,-0.18,1.2,0,,0.0,1
1086,parked,ahead,32.7,227,-0.29,-0.17,1.2,0,,0.0,1
1087,parked,,34.3,234,-0.28,-0.18,1.2,0,,0.0,1
1088,parked,behind3,35.0,236,-0.29,-0.18,1.2,0,,0.0,1
1089,parked,behind3,45.0,277,-0.34,-0.18,1.2,0,,0.0,1
1090,parked,behind3,40.0,255,-0.3,-0.19,1.2,0,,0.0,1
1091,parked,ahead,33.9,232,-0.3,-0.18,1.2,0,,0.0,1
1092,parked,behind2,28.9,426,-0.31,-0.25,0.4,88,,0.0,6
1093,parked,ahead,18.7,170,-0.32,-0.11,0.8,0,,0.0,1
1094,parked,behind3,48.3,288,-0.32,-0.19,1.2,0,,0.0,1
1095,parked,,21.1,179,-0.34,-0.12,0.9,0,,0.0,1
1096,timeout,behind2,41.3,600,-1.22,-0.61,-2.5,146,,0.3,8
1097,parked,behind2,37.6,504,-0.3,-0.25,0.1,107,,0.0,7
1098,parked,,29.0,212,-0.29,-0.18,1.2,0,,0.0,1
1099,parked,behind3,49.0,292,-0.32,-0.19,1.2,0,,0.0,1
1100,parked,ahead,20.5,176,-0.31,-0.19,1.2,0,,0.0,1
1101,parked,behind1,32.9,417,-0.32,0.06,-2.0,141,,0.0,1
1102,parked,ahead,21.6,182,-0.33,-0.11,0.9,0,,0.0,1
1103,parked,behind2,41.7,480,-0.32,-0.25,0.5,92,,0.2,6
1104,parked,behind1,32.9,418,-0.3,0.07,-1.8,141,,0.0,1
1105,parked,behind3,47.9,288,-0.32,-0.18,1.2,0,,0.0,1
1106,parked,,27.9,207,-0.32,-0.19,1.2,0,,0.0,1
1107,parked,,20.1,175,-0.32,-0.11,0.9,0,,0.0,1
1108,timeout,behind3,44.2,600,-1.22,-0.6,-1.9,143,,0.17,8
1109,parked,behind1,19.4,371,-0.34,0.06,-2.1,145,,0.0,1
1110,parked,,24.6,194,-0.29,-0.12,0.9,0,,0.0,1
1111,parked,behind3,34.6,235,-0.31,-0.18,1.2,0,,0.0,1
1112,parked,ahead,24.1,192,-0.34,-0.2,1.4,0,,0.01,1
1113,parked,behind1,22.3,388,-0.33,0.08,-1.8,148,,0.0,1
1114,parked,behind1,25.1,395,-0.27,0.06,-1.9,143,,0.0,1
1115,parked,behind1,32.5,424,-0.28,0.07,-1.8,145,,0.0,1
1116,parked,ahead,26.4,200,-0.34,-0.16,1.1,0,,0.0,1
1117,parked,behind1,22.6,371,-0.33,0.06,-2.1,141,,0.0,1
1118,parked,behind2,32.2,483,-0.28,-0.25,0.2,107,,0.0,7
1119,parked,behind2,33.7,538,-0.32,-0.25,0.1,127,,0.0,8
1120,parked,,16.9,162,-0.32,-0.21,1.3,0,,0.0,1
1121,parked,behind1,35.6,427,-0.34,0.07,-1.9,141,,0.0,1
1122,parked,behind2,31.5,434,-0.28,-0.25,-0.1,89,,0.0,6
1123,parked,ahead,18.0,297,-0.33,-0.24,0.4,54,,0.0,4
1124,parked,behind3,40.0,256,-0.31,-0.18,1.2,0,,0.0,1
1125,timeout,behind2,25.3,600,-0.33,-0.29,4.2,101,,0.6,5
1126,parked,behind2,24.7,449,-0.33,-0.25,0.2,105,,0.0,7
1127,parked,,29.1,213,-0.31,-0.17,1.2,0,,0.0,1
1128,parked,behind3,44.4,274,-0.31,-0.19,1.2,0,,0.0,1
1129,parked,ahead,27.0,205,-0.32,-0.12,0.9,0,,0.0,1
1130,parked,behind3,45.7,278,-0.34,-0.19,1.3,0,,0.0,1
1131,parked,,27.0,204,-0.3,-0.2,1.3,0,,0.0,1
1132,parked,,19.1,171,-0.33,-0.11,0.8,0,,0.0,1
1133,parked,,33.4,229,-0.33,-0.2,1.3,0,,0.0,1
1134,parked,,19.6,173,-0.34,-0.17,1.1,0,,0.0,1
1135,parked,behind1,31.2,410,-0.31,0.07,-1.9,141,,0.0,1
1136,parked,behind1,32.4,423,-0.29,0.06,-2.0,145,,0.0,1
1137,parked,behind3,30.8,220,-0.33,-0.18,1.3,0,,0.01,1
1138,parked,,31.0,221,-0.3,-0.17,1.1,0,,0.0,1
1139,parked,behind2,30.2,472,-0.33,-0.25,0.2,106,,0.0,7
1140,parked,behind2,37.3,499,-0.31,-0.24,0.0,107,,0.0,7
1141,parked,,27.9,207,-0.28,-0.16,1.1,0,,0.0,1
1142,timeout,behind2,25.6,600,-0.37,-0.34,5.8,166,,0.46,10
1143,parked,behind3,45.8,281,-0.28,-0.19,1.3,0,,0.0,1
1144,parked,behind1,17.3,355,-0.34,0.07,-2.0,144,,0.0,1
1145,parked,behind1,21.8,373,-0.3,0.06,-2.0,142,,0.0,1
1146,parked,behind2,35.1,498,-0.29,-0.25,0.2,109,,0.0,7
1147,parked,behind3,42.4,265,-0.34,-0.19,1.3,0,,0.0,1
1148,parked,,18.1,167,-0.28,-0.17,1.1,0,,0.0,1
1149,parked,,34.1,233,-0.3,-0.17,1.1,0,,0.0,1
1150,parked,behind1,18.9,368,-0.31,0.07,-2.0,143,,0.0,1
1151,parked,ahead,21.5,182,-0.32,-0.16,1.1,0,,0.0,1
1152,parked,ahead,16.6,163,-0.28,-0.13,0.9,0,,0.0,1
1153,parked,,33.8,232,-0.29,-0.17,1.1,0,,0.0,1
1154,parked,behind3,30.2,217,-0.31,-0.18,1.2,0,,0.0,1
1155,parked,ahead,32.4,226,-0.28,-0.18,1.2,0,,0.0,1
1156,parked,behind1,34.9,427,-0.29,0.07,-1.9,144,,0.0,1
1157,parked,behind2,29.0,470,-0.33,-0.24,0.3,106,,0.0,7
1158,parked,behind2,33.1,485,-0.31,-0.25,-0.1,107,,0.0,7
1159,parked,behind3,40.5,259,-0.3,-0.19,1.3,0,,0.0,1
1160,parked,behind2,39.7,569,-0.31,-0.24,0.5,114,,0.01,8
1161,parked,behind2,29.3,427,-0.28,-0.24,0.5,89,,0.0,6
1162,parked,behind3,43.4,269,-0.32,-0.19,1.2,0,,0.0,1
1163,parked,behind3,39.9,256,-0.32,-0.2,1.3,0,,0.0,1
1164,parked,ahead,17.8,168,-0.28,-0.12,0.9,0,,0.0,1
1165,parked,behind1,31.1,410,-0.34,0.07,-2.0,143,,0.0,1
1166,parked,,16.8,164,-0.33,-0.09,0.7,0,,0.0,1
1167,parked,ahead,29.8,215,-0.29,-0.18,1.2,0,,0.0,1
1168,parked,behind3,43.2,270,-0.3,-0.18,1.2,0,,0.0,1
1169,parked,,30.3,217,-0.31,-0.15,1.0,0,,0.0,1
1170,parked,ahead,23.8,189,-0.33,-0.16,1.1,0,,0.0,1
1171,parked,ahead,29.6,215,-0.29,-0.19,1.2,0,,0.0,1
1172,parked,ahead,19.0,172,-0.28,-0.14,1.0,0,,0.0,1
1173,parked,behind2,33.9,494,-0.3,-0.25,0.3,108,,0.0,7
1174,parked,,34.7,234,-0.32,-0.18,1.2,0,,0.0,1
1175,parked,behind2,34.3,488,-0.27,-0.24,0.0,106,,0.0,7
1176,parked,behind3,35.9,239,-0.31,-0.19,1.2,0,,0.0,1
1177,parked,behind2,28.3,468,-0.29,-0.25,0.2,109,,0.0,7
1178,parked,ahead,33.3,228,-0.32,-0.18,1.2,0,,0.0,1
1179,parked,behind3,47.1,285,-0.3,-0.18,1.2,0,,0.0,1
1180,parked,,23.0,186,-0.33,-0.12,0.9,0,,0.0,1
1181,parked,,25.4,197,-0.3,-0.18,1.2,0,,0.0,1
1182,parked,behind1,32.7,417,-0.29,0.08,-1.8,140,,0.0,1
1183,parked,behind1,21.5,368,-0.33,0.04,-2.5,139,,0.0,1
1184,parked,behind3,29.7,214,-0.28,-0.19,1.2,0,,0.0,1
1185,parked,behind1,28.8,399,-0.3,0.07,-1.8,141,,0.0,1
1186,parked,behind2,31.0,430,-0.3,-0.24,0.4,89,,0.0,6
1187,parked,ahead,23.9,192,-0.29,-0.12,0.9,0,,0.0,1
1188,collision,behind1,23.5,344,-1.28,0.01,-5.8,135,vehicle.nissan.patrol_2021,0.02,0
1189,parked,,22.2,185,-0.31,-0.13,1.0,0,,0.0,1
1190,parked,behind2,29.4,466,-0.31,-0.25,0.5,106,,0.0,7
1191,parked,behind2,34.1,545,-0.31,-0.24,0.2,114,,0.01,8
1192,parked,ahead,29.2,213,-0.28,-0.21,1.3,0,,0.0,1
1193,parked,,27.4,330,-0.32,-0.25,-0.2,53,,0.0,4
1194,parked,behind3,45.8,281,-0.28,-0.18,1.2,0,,0.0,1
1195,parked,,22.9,187,-0.34,-0.17,1.2,0,,0.0,1
1196,collision,ahead,23.3,110,-5.63,-0.53,24.5,0,static.static,1.17,0
1197,parked,behind1,35.6,428,-0.34,0.07,-1.9,141,,0.0,1
1198,collision,behind1,22.5,367,-1.28,0.02,-5.2,147,vehicle.nissan.patrol_2021,0.01,0
1199,parked,,18.5,169,-0.32,-0.1,0.8,0,,0.0,1
